id,name,state_id,id_ruling_ethnicity,id_ruling_language,id_ruling_religion,government,territories,start,end,policies,note
sumerian_city_states,"Sumerian City-States (Ur, Uruk, Lagash)",,sumerian,sumerian_lang,mesopotamian_religion,city_state,mesopotamia,-3500,-2334,,
old_kingdom_egypt,Old Kingdom Egypt,,egyptian,ancient_egyptian,egyptian_religion,divine_monarchy,egypt|nubia,-2686,-2181,,
akkadian_empire,Akkadian Empire,,akkadian,akkadian,mesopotamian_religion,imperial_monarchy,mesopotamia|levant,-2334,-2154,,
ur_iii,Third Dynasty of Ur (Neo-Sumerian),,sumerian,sumerian_lang,mesopotamian_religion,divine_monarchy,mesopotamia,-2112,-2004,,
old_babylonian,Old Babylonian Empire,,babylonian,akkadian,mesopotamian_religion,imperial_monarchy,mesopotamia,-1894,-1595,,
hittite_empire,Hittite Empire,,hittite,hittite_lang,anatolian_paganism,imperial_monarchy,anatolia,-1600,-1180,,The dominant Anatolian power of the Bronze Age. Their sudden collapse (~1180 BC) during the Bronze Age Collapse remains one of history's great mysteries.
shang_dynasty,Shang Dynasty,,han_chinese,old_chinese,chinese_folk_religion,divine_monarchy,yellow_river,-1600,-1046,,
new_kingdom_egypt,New Kingdom Egypt,,egyptian,ancient_egyptian,egyptian_religion,divine_monarchy,egypt|nubia|levant,-1550,-1070,,
phoenician_states,"Phoenician City-States (Tyre, Sidon, Byblos)",,phoenician,phoenician_language,canaanite_religion,oligarchic_republic,levant,-1200,-332,,
kingdom_of_israel,United Kingdom of Israel,,hebrew,biblical_hebrew,temple_judaism,feudal_monarchy,levant,-1047,-930,,
zhou_dynasty,Zhou Dynasty,,han_chinese,old_chinese,chinese_folk_religion,feudal_monarchy,yellow_river|yangtze,-1046,-256,,"Late Zhou (Warring States) produced Confucius, Laozi, Mencius, Han Fei — the foundational philosophical schools that would define all subsequent Chinese governance"
kingdom_of_judah,Kingdom of Judah,,hebrew,biblical_hebrew,temple_judaism,feudal_monarchy,levant,-930,-586,,
neo_assyrian_empire,Neo-Assyrian Empire,,assyrian,assyrian_dialect,mesopotamian_religion,imperial_monarchy,mesopotamia|levant|egypt|anatolia,-911,-609,,
kingdom_of_urartu,Kingdom of Urartu,,caucasian_peoples,aramaic,zoroastrianism,feudal_monarchy,caucasus,-860,-590,,The Iron Age kingdom centered on Lake Van (modern eastern Turkey/Armenia). Urartu was a major rival of the Neo-Assyrian Empire for control of the Armenian Highlands. Known for impressive metalwork (Urartian bronzes) and large-scale irrigation systems. Destroyed by the Scythian/Median coalition around 590 BCE. The Armenian people are their cultural successors.
roman_kingdom,Roman Kingdom,,roman,latin,roman_paganism,monarchy,italy,-753,-509,,
median_kingdom,Median Kingdom,,median,median_lang,zoroastrianism,feudal_monarchy,iran_plateau|caucasus,-678,-550,,
meroitic_kingdom,Kingdom of Meroe (Meroitic Kingdom),,cushitic_cluster,ancient_egyptian,egyptian_religion,divine_monarchy,nubia,-656,350,,"After the Kushite 25th Dynasty was expelled from Egypt by the Assyrians (-656), Nubian power retreated south to Meroe on the Nile. Meroe developed a distinct civilisation with its own undeciphered script (Meroitic), iron smelting industry, and distinctive pyramid style (steeper than Egyptian). Ruled by queen-regents (Kandakes) alongside or instead of kings. Fell to the Aksumite kingdom of Ethiopia around 350 CE."
neo_babylonian,Neo-Babylonian (Chaldean) Empire,,babylonian,akkadian,mesopotamian_religion,imperial_monarchy,mesopotamia|levant,-626,-539,,Nebuchadnezzar II; Chaldean dynasty deliberately revived ancient Babylonian identity
achaemenid_empire,Achaemenid Empire,,persian,old_persian,zoroastrianism,imperial_monarchy,iran_plateau|khorasan|anatolia|mesopotamia|levant|egypt|transoxiana,-550,-330,cyrus_tolerance,Used Aramaic as the administrative lingua franca but Persian was the dynastic identity; Cyrus was notably religiously tolerant
roman_republic,Roman Republic,,roman,latin,roman_paganism,republic,italy|balkans|north_africa|iberia|gaul,-509,-27,,
macedonian_empire,Macedonian Empire (Alexander),,ancient_greek,ancient_greek,hellenic_paganism,imperial_monarchy,anatolia|levant|egypt|mesopotamia|iran_plateau|khorasan|transoxiana,-336,-323,,
maurya_empire,Maurya Empire,,indo_aryan_cluster,classical_sanskrit,hinduism,imperial_monarchy,ganges_plain|indus_valley|punjab|deccan,-322,-185,,Ashoka converted to Buddhism and propagated it across Asia — a major religious shift mid-dynasty that changed the empire's entire ideological character
seleucid_empire,Seleucid Empire,,ancient_greek,koine_greek,hellenic_paganism,imperial_monarchy,anatolia|levant|mesopotamia|iran_plateau,-312,-63,,
ptolemaic_egypt,Ptolemaic Kingdom,,ancient_greek,koine_greek,hellenic_paganism,absolute_monarchy,egypt|levant,-305,-30,,"Greek-speaking Macedonian rulers adopted Egyptian royal titles and iconography for legitimacy, but the court was Hellenic"
parthian_empire,Parthian Empire (Arsacid),,parthian,parthian_lang,zoroastrianism,feudal_monarchy,iran_plateau|mesopotamia|khorasan,-247,224,,"Highly decentralized; Hellenized early, then reverted to Iranian/Zoroastrian identity"
satavahana_empire,Satavahana Empire,,dravidian_cluster,pali,hinduism,imperial_monarchy,deccan,-230,220,,First great Deccan empire; established the bridge between northern Aryan and southern Dravidian cultures. Patronised both Hinduism and Buddhism. Their trade networks stretched to Rome.
qin_dynasty,Qin Dynasty,,han_chinese,old_chinese,chinese_folk_religion,imperial_monarchy,yellow_river|yangtze,-221,-206,,State philosophy was Legalism — entirely different from Confucianism. Qin's brutal efficiency unified China but was ideologically rejected by every subsequent dynasty
xiongnu,Xiongnu Confederation,,turkic_cluster,old_turkic,tengriism,khaganate,mongolian_plateau|central_asian_steppe,-209,93,,
han_dynasty,Han Dynasty,,han_chinese,old_chinese,confucianism,chinese_imperial,yellow_river|yangtze,-206,220,,Established Confucianism as state ideology and the civil examination system — the template all later Chinese dynasties followed
kingdom_of_armenia,Kingdom of Armenia,,caucasian_peoples,old_armenian,zoroastrianism,feudal_monarchy,caucasus,-190,428,,The Artaxiad (Artashesian) dynasty founded the first unified Armenian state after Antiochus III's defeat by Rome. Tigranes II briefly created an Armenian empire stretching from Caspian to Mediterranean. Armenia was the first nation to adopt Christianity as state religion (301 CE). The kingdom oscillated between Roman and Parthian/Sassanid spheres until partitioned in 428.
nabataean_kingdom,Nabataean Kingdom,,semitic_cluster,aramaic,arabian_paganism,feudal_monarchy,arabia,-115,106,,"The Nabataeans were Arab traders who built Petra as their capital in the Jordanian desert — one of antiquity's great architectural achievements (the 'rose-red city'). They controlled the spice trade routes between Arabia, Egypt, and the Mediterranean. Annexed by the Roman Emperor Trajan as the province Arabia Petraea in 106 CE. Their distinctive Aramaic script evolved into modern Arabic script."
silla,Silla,,korean,old_korean,buddhism,,,-57,668,,
goguryeo,Goguryeo,,korean,old_korean,buddhism,feudal_monarchy,manchuria|korean_peninsula,37,668,,One of the Three Kingdoms of Korea; at its peak controlled northern Manchuria and the Korean peninsula north of the Han River. Repelled three massive Sui Chinese invasions (612–614) — the failure of those campaigns contributed to the Sui Dynasty's collapse. Finally destroyed by a Tang–Silla alliance in 668. Goguryeo identity is claimed by both modern Korea and China (as part of Gaogouli history).
baekje,Baekje,,korean,old_korean,buddhism,,,-18,660,,
roman_empire,Roman Empire,,roman,latin,,imperial_monarchy,italy|anatolia|levant|egypt|balkans|iberia|gaul|north_africa,-27,395,pax_romana|edict_of_milan|edict_of_thessalonica,
cao_wei,Cao Wei,,han_chinese,old_chinese,chinese_folk_religion,,,220,265,,
shu_han,Shu Han,,han_chinese,old_chinese,chinese_folk_religion,,,221,263,,
eastern_wu,Eastern Wu,,han_chinese,old_chinese,chinese_folk_religion,,,222,280,,
sassanid_empire,Sassanid Empire,,persian,middle_persian,zoroastrianism,theocracy,iran_plateau|mesopotamia|khorasan|caucasus,224,651,,Zoroastrianism as explicit state religion; Magi priestly class wielded significant power
yamato_period,Yamato Period,,yamato,old_japanese,shinto_buddhism,centralized_monarchy,japanese_archipelago,250,710,,The emergence of the Yamato imperial line and the introduction of Buddhism and Chinese characters. Includes the Kofun and Asuka sub-periods.
western_jin,Western Jin Dynasty,,han_chinese,old_chinese,chinese_folk_religion,,,265,316,,
gupta_empire,Gupta Empire,,indo_aryan_cluster,classical_sanskrit,hinduism,imperial_monarchy,ganges_plain|indus_valley,320,550,,Hindu 'Golden Age'; Vaishnavism as court religion; classical Sanskrit literature and mathematics flourished
eastern_jin,Eastern Jin Dynasty,,han_chinese,old_chinese,chinese_folk_religion,,,317,420,,
hunnic_empire,Hunnic Empire,,central_asian_steppe_bloc,old_turkic,tengriism,khaganate,central_asian_steppe|pontic_steppe|hungary,350,453,,"Attila's confederation devastated the Roman Empire and triggered the Great Migration. The Huns are of uncertain ethnic origin (possibly Turkic, possibly mixed). Their western empire collapsed immediately after Attila's death (453)."
northern_dynasties,Northern Dynasties,,han_chinese,old_chinese,buddhism,,,386,581,,
western_roman_empire,Western Roman Empire,,roman,latin,catholic,imperial_monarchy,italy|balkans|iberia|gaul|north_africa,395,476,,
byzantine_empire,Byzantine Empire,,hellenic_cluster,medieval_greek,eastern_orthodox,caesaropapism,anatolia|balkans|levant,395,1453,,Eastern Orthodox Christianity is inseparable from Byzantine identity; emperor as head of both church and state
visigothic_kingdom,Visigothic Kingdom,,germanic_peoples,latin,catholic,feudal_monarchy,iberia,418,711,,"The Visigoths settled in southwestern Gaul (Aquitaine) as foederati in 418; after defeat by Clovis at Vouillé (507) they retreated to Iberia, making Toledo their capital. Converted from Arianism to Catholicism in 589 under Reccared — the defining event that integrated Visigothic and Hispano-Roman populations. Destroyed by the Muslim Umayyad invasion of 711."
southern_dynasties,Southern Dynasties,,han_chinese,old_chinese,chinese_folk_religion,,,420,589,,
vandal_kingdom,Vandal Kingdom of North Africa,,germanic_peoples,latin,catholic,feudal_monarchy,north_africa,429,533,,"The Vandals crossed into North Africa in 429 under Gaiseric, having previously swept through Spain. They captured Carthage in 439, making it their capital. The Vandal fleet dominated the western Mediterranean and sacked Rome in 455. 'Vandalism' as a concept derives from their reputation, though they were no more destructive than other Germanic peoples. Destroyed by the Byzantine general Belisarius in 533 in a remarkably swift campaign."
odoacer_kingdom,Kingdom of Odoacer,,germanic_peoples,latin,catholic,feudal_monarchy,italy,476,493,,"Odoacer (Odovacer), a Germanic chieftain of Scirian/Hunnic origin, deposed the last Western Roman Emperor Romulus Augustulus on September 4, 476 — the conventional end-date of the Western Roman Empire. He ruled as King of Italy under nominal Eastern Roman suzerainty, maintaining Roman administrative structures. Defeated and killed by Theodoric the Ostrogoth at a peace banquet in Ravenna (493)."
carolingian_empire,Frankish Kingdom / Carolingian Empire,,germanic_peoples,latin,catholic,feudal_monarchy,gaul|germany|italy,486,843,carolingian_renaissance,"Clovis I unified the Franks (486) and converted to Catholic Christianity, giving the Franks papal legitimacy. Charlemagne (768–814) conquered the Saxons, Lombards, and Avars; crowned Emperor by Pope Leo III on Christmas 800. The first attempt at a unified Western European empire since Rome. Treaty of Verdun (843) split the empire into West Francia (future France), East Francia (future Germany), and Middle Francia."
ostrogothic_kingdom,Ostrogothic Kingdom of Italy,,germanic_peoples,latin,catholic,feudal_monarchy,italy,493,553,,Theodoric the Great established the most sophisticated post-Roman Germanic kingdom — a genuine synthesis of Gothic and Roman culture. He ruled through the existing Roman administrative machinery while keeping Goths as the military class. His court at Ravenna patronised art and philosophy (Boethius wrote the Consolation of Philosophy in his prison). Destroyed by the Byzantine reconquest under Justinian I (Gothic Wars 535–554).
goktürk_khaganate,Göktürk Khaganate,,turkic_cluster,old_turkic,tengriism,khaganate,mongolian_plateau|central_asian_steppe|transoxiana,552,744,,
lombard_kingdom,Kingdom of the Lombards,,germanic_peoples,latin,catholic,feudal_monarchy,italy,568,774,,"The Lombards (Langobards) invaded northern Italy in 568, exploiting the devastation left by the Gothic Wars. Unlike the Ostrogoths, they did not attempt to preserve Roman structures — their conquest was destructive and their integration slow. By the 8th century they had converted from Arianism to Catholicism and were partially Romanised. Pope Stephen II invited Charlemagne's father Pippin III, then Charlemagne himself (773–774), to defeat the Lombards; Charlemagne dissolved the kingdom and added 'King of the Lombards' to his titles."
avar_khaganate,Avar Khaganate,,central_asian_steppe_bloc,old_turkic,tengriism,khaganate,hungary|central_asian_steppe,568,804,,Avars (steppe nomads of uncertain Mongolian/Turkic origin) conquered the Carpathian basin in 568 after the Lombards left for Italy. They raided Byzantium and the Frankish kingdoms repeatedly. Charlemagne destroyed the Avar state in a series of campaigns (791-796) and dismantled their treasury ('the Ring').
sui_dynasty,Sui Dynasty,,han_chinese,middle_chinese,buddhism,chinese_imperial,yellow_river|yangtze,581,618,,Buddhism was a major state religion alongside Confucianism; Sui rulers were devout Buddhists
harsha_empire,Harsha Empire,,indo_aryan_cluster,classical_sanskrit,buddhism,imperial_monarchy,ganges_plain,606,647,,"Last major Hindu-Buddhist empire of the Ganges plain before the Islamic conquests. Harsha personally wrote Sanskrit plays and patronised the scholar Xuanzang (the Chinese pilgrim whose journey inspired Journey to the West). His empire collapsed immediately after his death, leaving no successors."
tang_dynasty,Tang Dynasty,,han_chinese,middle_chinese,confucianism,chinese_imperial,yellow_river|yangtze,618,907,huichang_suppression,"Tang royal family had partial Xianbei ancestry but identified as Han; cosmopolitan — Buddhism, Taoism, Nestorian Christianity, and Islam all coexisted; Confucian exam system perfected"
rashidun_caliphate,Rashidun Caliphate,,semitic_cluster,arabic,sunni,caliphate,arabia|levant|mesopotamia|egypt|iran_plateau,632,661,,
khazar_khaganate,Khazar Khaganate,,turkic_cluster,old_turkic,rabbinic_judaism,khaganate,pontic_steppe|caucasus,650,969,,Ruling class converted to Judaism — a unique case; possibly a diplomatic choice to remain neutral between the Christian Byzantine and Muslim Abbasid spheres
umayyad_caliphate,Umayyad Caliphate,,semitic_cluster,arabic,sunni,caliphate,levant|mesopotamia|egypt|iran_plateau|north_africa|iberia|transoxiana,661,750,,Aggressively Arab-supremacist; non-Arab Muslims (mawali) had second-class status — this fueled the Abbasid revolution
unified_silla,Unified Silla,,korean,old_korean,buddhism,centralized_monarchy,korean_peninsula,668,935,,"Silla allied with the Tang Dynasty to defeat Baekje and Goguryeo, then successfully expelled Tang forces to unify the peninsula south of the Taedong River."
first_bulgarian_empire,First Bulgarian Empire,,south_slavic,old_church_slavonic,eastern_orthodox,feudal_monarchy,balkans,681,1018,,"Founded by Bulgars (a Turkic/steppe people) who subjugated Slavic tribes south of the Danube; the ruling Bulgar class was rapidly absorbed by the Slavic majority. Christianised under Boris I (864) who chose Constantinople over Rome — defining Bulgaria as Orthodox. The Golden Age under Simeon I (893–927) saw Bulgaria become the dominant Balkan power, rivalling Byzantium. Destroyed by Byzantine Emperor Basil II 'the Bulgar-Slayer' at the Battle of Kleidion (1014); he blinded 15,000 prisoners."
nara_period,Nara Period,,yamato,old_japanese,buddhism,,,710,794,,
al_andalus,Al-Andalus,,semitic_cluster,arabic,sunni,caliphate,iberia,711,1492,cordoba_caliphate,The Muslim-ruled territory of Iberia from the Umayyad conquest (711) to the fall of Granada (1492). At its peak (8th–10th centuries) Al-Andalus was the most sophisticated civilisation in Europe — Córdoba rivalled Constantinople and Baghdad. The Caliphate of Córdoba (929–1031) under Abd ar-Rahman III was the golden age. After 1031 it fragmented into taifa kingdoms; the Almoravid (1086) and Almohad (1147) Berber dynasties revived Muslim power but with more rigid Islamic orthodoxy. The Christian Reconquista progressively reduced Al-Andalus until only Granada remained (1238–1492). Concurrent with Christian kingdoms in the north throughout.
uyghur_khaganate,Uyghur Khaganate,,turkic_cluster,uyghur_lang,manichaeism,khaganate,mongolian_plateau|central_asian_steppe,744,840,,One of history's few Manichaean states; adopted Manichaeism as state religion after 762 — a major civilizational break from Göktürk Tengriism
abbasid_caliphate,Abbasid Caliphate,,semitic_cluster,arabic,sunni_hanafi,caliphate,mesopotamia|levant|iran_plateau|egypt,750,1258,,"Ruling dynasty remained Arab (Qurayshi lineage); Arabic as the language of religion and law. Persian bureaucrats (Barmakid viziers) dominated administration creating a Persianate court overlay — but the legitimacy anchor was Arab/Islamic, not Persian"
pala_empire,Pala Empire,,indo_aryan_cluster,pali,buddhism,feudal_monarchy,ganges_plain,750,1200,,The last great Buddhist empire of India; patrons of Nalanda and Vikramashila universities — the apex of Indian Buddhist scholarship. Their fall to the Ghurids (1203) and the subsequent destruction of Nalanda (1203) effectively ended institutional Buddhism in India.
heian_period,Heian Period,,yamato,old_japanese,buddhism,,,794,1185,,
samanid_empire,Samanid Empire,,persian,new_persian,sunni,absolute_monarchy,transoxiana|khorasan,819,999,,"The Samanids were the first Persian dynasty to rule independently after the Arab conquest — an Iranian Renaissance. Under their patronage, Bukhara became one of the Islamic world's great centres of learning. They championed New Persian (Dari) as a literary language: Rudaki wrote there, and Ferdowsi began his Shahnameh at their court. The Samanid bureaucratic model became the template for subsequent Persian and Turkic administrations. Destroyed by the Ghaznavids (east) and Qarakhanids (north)."
kingdom_of_scotland,Kingdom of Scotland,,scottish_gaelic,scots_gaelic,catholic,feudal_monarchy,scotland,843,1707,,"Kenneth MacAlpin united the Picts and Gaels. Over centuries the court Normanised and Scots (a Germanic dialect) replaced Gaelic as the lowland tongue, while Gaelic persisted in the Highlands."
kingdom_of_norway,Kingdom of Norway,,scandinavian,old_norse,germanic_paganism,feudal_monarchy,scandinavia,872,1380,,Harald Fairhair unified Norway c.872. Norway entered personal union with Denmark in 1380 after the Oldenburg succession; effectively under Danish rule until 1814.
kievan_rus_regime,Kievan Rus,,east_slavic,old_church_slavonic,eastern_orthodox,grand_principality,kievan_rus,882,1240,,Founded by Varangian (Norse) Rurikids who were rapidly absorbed into Slavic culture. Christianisation under Vladimir I in 988 tied Rus to Constantinople and Eastern Orthodoxy — the defining civilisational choice. Fragmented into competing principalities after Yaroslav's death; destroyed by the Mongol invasion 1237–1241.
bagratid_armenia,Bagratid Armenia,,caucasian_peoples,old_armenian,armenian_apostolic,feudal_monarchy,caucasus,885,1064,,"Armenian and Georgian Bagratid dynasties rebuilt Christian statehood after the Arab conquest. The Armenian Bagratids (885-1045) and their Georgian branch created the 'Armenian Renaissance' with Ani as a capital that rivalled Constantinople. Ani fell to the Seljuk Turks in 1064, effectively ending Armenian political independence for centuries."
kingdom_of_bohemia,Kingdom of Bohemia,,czech,czech,catholic,feudal_monarchy,bohemia,895,1526,,"Přemyslid dynasty (895–1306), then Luxembourg (1310–1437). Bohemia became the intellectual centre of the HRE under Charles IV. The Hussite movement (1419–1434) was the first successful proto-Protestant revolt in Europe, a century before Luther."
liao_dynasty,Liao Dynasty (Khitan),,khitan,khitan_lang,buddhism,dual_administration,manchuria|yellow_river,907,1125,,"Dual administration: Khitan customs for nomads, Chinese Confucian system for Han subjects; Buddhism served as a bridge between nomadic and sedentary cultures"
five_dynasties,Five Dynasties (North China),,han_chinese,middle_chinese,chinese_folk_religion,,,907,960,,
fatimid_caliphate,Fatimid Caliphate,,semitic_cluster,arabic,shia_ismaili,imamate,egypt|levant|north_africa,909,1171,,
ten_kingdoms,Ten Kingdoms (South China),,han_chinese,middle_chinese,neo_confucianism,,,907,979,,
goryeo,Goryeo Dynasty,,korean,middle_korean,buddhism,centralized_monarchy,korean_peninsula,918,1392,,"Founded by Wang Geon; successfully resisted multiple Mongol (Yuan) invasions, eventually becoming a vassal-son-in-law state of the Yuan. Known for the Tripitaka Koreana and Goryeo celadon."
kingdom_of_england,Kingdom of England,,english,middle_english,catholic,feudal_monarchy,britannia,927,1707,magna_carta|english_reformation,"Founded by Æthelstan; the Norman Conquest of 1066 replaced the Anglo-Saxon ruling class with a French-speaking Norman aristocracy, creating the distinctive Anglo-Norman culture. By 1300 English had re-emerged as the dominant tongue with heavy French vocabulary."
kingdom_of_denmark,Kingdom of Denmark,,scandinavian,old_norse,catholic,feudal_monarchy,scandinavia,936,,,The dominant Scandinavian power through the Middle Ages; ruled England 1013–1042 (Cnut); lost Sweden definitively in 1658; retains Greenland and Faroe Islands.
northern_song,Northern Song Dynasty,,han_chinese,middle_chinese,neo_confucianism,,,960,1127,,
holy_roman_empire,Holy Roman Empire,,german,latin,catholic,elective_monarchy,germany|bohemia|italy,962,1806,golden_bull_1356|peace_of_westphalia,"Neither holy, Roman, nor an empire — Voltaire. A decentralized confederation of German princes, bishops, and city-states under an elected emperor. German princes systematically resisted centralisation; the Peace of Westphalia (1648) effectively made the HRE a loose alliance of sovereign states."
kingdom_of_poland,Kingdom of Poland,,polish,latin,catholic,feudal_monarchy,poland,966,1569,,"Piast dynasty (966–1370), then Jagiellonian (1386–1569). Mieszko I's baptism in 966 is the founding moment of the Polish state. The Union of Lublin (1569) transformed the Polish-Lithuanian personal union into a real Commonwealth."
kingdom_of_sweden,Kingdom of Sweden,,scandinavian,old_norse,catholic,feudal_monarchy,scandinavia,970,,,"Broke from the Kalmar Union in 1523 under Gustav Vasa; became a major European Great Power in the 17th century (Swedish Empire, Stormaktstiden); lost Finland to Russia in 1809."
ghaznavid_empire,Ghaznavid Empire,,turkic_cluster,new_persian,sunni,sultanate,khorasan|transoxiana|indus_valley|punjab,977,1186,,"Founded by Sebüktigin, a Turkish slave-soldier (ghulam) who rose to govern Ghazni (modern Afghanistan) under the Samanids. His son Mahmud of Ghazni (998–1030) transformed it into a great empire, launching 17 raids into the Indian subcontinent — breaking the Hindu Shahi kingdoms and establishing Islam in the Punjab. The Ghaznavids were patrons of Persian language and literature (the Shahnameh was written for Mahmud). Destroyed by the Ghurids."
kingdom_of_france,Kingdom of France,,french,french,catholic,absolute_monarchy,gaul,987,1792,edict_of_nantes,"Capetian (987–1328), Valois (1328–1589), Bourbon (1589–1792) — three dynasties but one continuous institution. The most powerful western European monarchy of the High and Late Middle Ages. Absolute monarchy reached its apogee under Louis XIV."
kingdom_of_hungary,Kingdom of Hungary,,magyar,latin,catholic,feudal_monarchy,hungary,1000,1526,,"Founded by Stephen I who received a crown from Pope Sylvester II. Medieval Hungary was one of the largest European kingdoms, stretching from the Adriatic to Transylvania. The Battle of Mohács (1526) ended the medieval kingdom; Hungary was split between Ottoman and Habsburg rule."
seljuk_empire,Seljuk Empire,,turkic_cluster,new_persian,sunni_hanafi,sultanate,transoxiana|iran_plateau|mesopotamia|khorasan,1037,1194,,"Oghuz Turkic rulers adopted Persian as court language; patronized Persian scholars — Omar Khayyam, al-Ghazali, Nizam al-Mulk all flourished under Seljuk rule"
seljuk_rum,Sultanate of Rum,,turkic_cluster,new_persian,sunni_hanafi,sultanate,anatolia,1077,1307,,Rumi composed his poetry in Persian at this court in Konya
jin_jurchen,Jin Dynasty (Jurchen),,jurchen,jurchen_lang,buddhism,dual_administration,manchuria|yellow_river,1115,1234,,Jurchen rulers resisted Sinicization; maintained Jurchen script and shamanistic traditions alongside Buddhism; used a dual admin system similar to Liao
southern_song,Southern Song Dynasty,,han_chinese,middle_chinese,neo_confucianism,,,1127,1279,,
angevin_empire,Angevin Empire,,french,french,catholic,feudal_monarchy,aquitaine|gaul,1154,1204,,"The Plantagenet dynasty empire under Henry II (who married Eleanor of Aquitaine), controlling Normandy, Anjou, Maine, Touraine, Poitou, and Aquitaine across the Channel plus England. A cross-Channel feudal aggregate rather than a unified state — conflict with the French crown over the vassal relationship was constant. John's loss of Normandy and Angevin lands in France (1202–1204) ended the continental empire; England persisted as the Plantagenet realm."
ayyubid_sultanate,Ayyubid Sultanate,,kurdish,arabic,sunni_shafi,sultanate,egypt|levant,1171,1260,,Saladin was Kurdish but the court operated fully in Arabic-Islamic culture
feudal_japan,Feudal Japan,,yamato,early_modern_japanese,shinto_buddhism,feudal_monarchy,japanese_archipelago,1185,1603,,"The Kamakura, Muromachi, and Sengoku periods. Decentralized feudal system with competing daimyo (lords) and regional warlords. Ends with the unification by Oda Nobunaga and Toyotomi Hideyoshi, preparing ground for Tokugawa shogunate."
serbian_empire,Serbian Empire (Nemanjić Dynasty),,south_slavic,old_church_slavonic,eastern_orthodox,feudal_monarchy,balkans,1190,1389,,"Stefan Nemanja founded the medieval Serbian state (1168). His son Sava established the Serbian Orthodox Church (1219) — the key institution of Serbian national identity. Stefan Dušan (1331–1355) expanded Serbia to its greatest extent (Macedonia, Albania, Greece) and crowned himself Emperor of the Serbs and Greeks. The empire collapsed after his death; the Battle of Kosovo (1389) against the Ottomans ended Serbian independence for five centuries."
khwarazmian_empire,Khwarazmian Empire,,turkic_cluster,new_persian,sunni,absolute_monarchy,transoxiana,1200,1220,,"Shah Ala ad-Din Muhammad II rapidly built a vast empire covering Persia and Central Asia — briefly the most powerful state in the Islamic world. His catastrophic decision to execute Genghis Khan's trade envoys (1218) provoked the Mongol invasion. Within three years his empire was destroyed, millions killed, and the cities of Central Asia — Samarkand, Bukhara, Merv, Nishapur — were annihilated. The Khwarazmian destruction was one of the worst demographic catastrophes in history."
delhi_sultanate,Delhi Sultanate,,turkic_cluster,new_persian,sunni_hanafi,sultanate,indus_valley|punjab|ganges_plain,1206,1526,,Established the Persianate Islamic cultural layer in India; Persian as court language; laid the groundwork for the Hindu-Muslim civilizational divide that defines the subcontinent to this day
mongol_empire,Mongol Empire,,mongol,classical_mongolian,tengriism,khaganate,mongolian_plateau|central_asian_steppe|transoxiana|iran_plateau|khorasan|mesopotamia|yellow_river|yangtze|manchuria,1206,1368,yasa_tolerance,Religiously tolerant by policy (Yasa law); the different successor khanates each converted to the local dominant religion
chagatai_khanate,Chagatai Khanate,,mongol,uyghur_lang,sunni_hanafi,khanate,transoxiana|central_asian_steppe,1226,1347,,Chagatai Turkic became the prestige literary language of Central Asia after Mongol Turkification
teutonic_order,Teutonic Order (Monastic State),,german,german,catholic,theocratic_order,prussia,1230,1525,,Crusading military order invited to Christianise the pagan Old Prussians; completed the conquest by 1283 (exterminating or assimilating the indigenous Prussians). At their peak controlled the entire Baltic coast from Danzig to Estonia. Catastrophically defeated at Grunwald (1410) by Poland-Lithuania; dissolved its monastic state and became a secular Duchy of Prussia in 1525.
grand_duchy_of_lithuania,Grand Duchy of Lithuania,,lithuanian,old_east_slavic,lithuanian_paganism,grand_duchy,lithuania|kievan_rus,1236,1569,,"The last pagan state in Europe, Christianised only in 1387 when Jogaila married Jadwiga of Poland. At its peak the Grand Duchy stretched from the Baltic to the Black Sea, encompassing most of modern Ukraine and Belarus. Its administrative language was Ruthenian (Old East Slavic), not Lithuanian."
golden_horde,Golden Horde,,mongol,kipchak_branch,sunni_hanafi,khanate,pontic_steppe|central_asian_steppe,1242,1502,,Converted to Sunni Islam ~1313 under Özbeg Khan; Mongol rulers gradually Turkified — adopted Kipchak Turkic as the dominant language
mamluk_sultanate,Mamluk Sultanate,,turkic_cluster,arabic,sunni_shafi,sultanate,egypt|levant,1250,1517,,Turkic slave-soldier rulers but court and administration were Arabic-Islamic
ilkhanate,Ilkhanate,,mongol,new_persian,sunni_hanafi,khanate,iran_plateau|mesopotamia|khorasan|caucasus,1256,1335,,Started Tengriist/Buddhist; converted to Sunni Islam and were fully Persianized — Persian remained the language of court and literature
yuan_dynasty,Yuan Dynasty,,mongol,classical_mongolian,vajrayana,imperial_monarchy,yellow_river|yangtze|manchuria,1271,1368,,Kublai Khan adopted Tibetan Buddhism (Vajrayana) as state religion and Phags-pa Lama as spiritual authority; deliberately avoided Sinicization — Chinese barred from top posts; Mongol identity maintained as ruling class
grand_duchy_moscow,Grand Duchy of Moscow,,russian,russian,eastern_orthodox,,,1283,1547,,
ottoman_empire,Ottoman Empire,,turkic_cluster,ottoman_turkish,sunni_hanafi,caliphate,anatolia|balkans|levant|mesopotamia|egypt|north_africa|caucasus,1299,1922,millet_system|tanzimat,"Claimed the Caliphate title after conquering Mamluk Egypt (1517). Unlike earlier Turkic states, developed a distinct Turkic-Islamic identity rather than Persianizing. Ruled Orthodox Christians, Catholics, Jews, and Arabs as separate millets (religious communities) — religion defined the subject's legal identity, not ethnicity"
vijayanagara_empire,Vijayanagara Empire,,dravidian_cluster,kannada,hinduism,imperial_monarchy,deccan,1336,1646,,The last great Hindu empire; for three centuries it was the bulwark of Hindu civilisation against the Muslim Deccan sultanates. Founded by brothers Harihara and Bukka after escaping Delhi Sultanate captivity. The Battle of Talikota (1565) destroyed the capital Hampi — the ruins remain one of India's great historical sites.
bahmani_sultanate,Bahmani Sultanate,,turkic_cluster,arabic,sunni,sultanate,deccan,1347,1527,,"The first major Muslim sultanate of the Deccan; founded by a revolt against Delhi. Fragmented into five successor sultanates (Adil Shahi, Nizam Shahi, Qutb Shahi, Imad Shahi, Barid Shahi) which fought Vijayanagara and each other for two centuries. Bidar was its capital."
ming_dynasty,Ming Dynasty,,han_chinese,mandarin,neo_confucianism,chinese_imperial,yellow_river|yangtze,1368,1644,,Founded as an explicit rejection of Mongol rule; strong Han nativist and Confucian identity; the 'most Chinese' of dynasties
north_yuan,North Yuan,,mongol,old_turkic,buddhism,khaganate,mongolian_plateau,1368,1635,,"After the Ming drove the Yuan from China (1368), the Mongol khans retreated to the steppe and continued to claim the title of Great Khan of the Mongol Empire. Periodic reunifications under strong khans (Dayan Khan, Altan Khan) challenged Ming China. Tibetan Buddhism progressively replaced shamanism/Tengriism. Formally ended when the Qing incorporated most Mongol tribes (1635-1691)."
timurid_empire,Timurid Empire,,turkic_cluster,new_persian,sunni_hanafi,imperial_monarchy,khorasan|transoxiana|iran_plateau,1370,1507,,Timur was Barlas Turkic; court was thoroughly Persian — Samarkand and Herat became the greatest centers of Persian poetry and miniature painting
joseon,Joseon Dynasty,,korean,middle_korean,neo_confucianism,bureaucratic_monarchy,korean_peninsula,1392,1897,,Founded by Yi Seong-gye; shifted from Buddhist to Neo-Confucian ideology. Known for its stable bureaucracy and the invention of Hangul.
kalmar_union,Kalmar Union,,scandinavian,german,catholic,personal_union,scandinavia,1397,1523,,"Personal union of Denmark, Norway, and Sweden under one crown, dominated by Denmark. Sweden repeatedly rebelled; the Stockholm Bloodbath of 1520 (Danish massacre of Swedish nobles) triggered the final Swedish revolt under Gustav Vasa."
habsburg_monarchy,Habsburg Monarchy,,german,german,catholic,absolute_monarchy,germany|bohemia|hungary,1438,1918,ausgleich,"The House of Habsburg held the HRE throne almost continuously 1438–1806. After Napoleon dissolved the HRE, the Habsburgs created the Austrian Empire (1804), then the Austro-Hungarian Dual Monarchy (1867–1918). 'Others wage war; you, happy Austria, marry' — AEIOU policy of dynastic expansion through marriage."
crimean_khanate,Crimean Khanate,,turkic_cluster,old_turkic,sunni,khanate,pontic_steppe,1441,1783,,"Last surviving Mongol successor state on the Pontic steppe; Ottoman vassal from 1475. Conducted slave raids into Ukraine, Poland, and Russia — the Crimean slave trade depopulated vast areas of Eastern Europe. Peter the Great and Catherine the Great progressively curtailed Crimean power; annexed by Russia in 1783."
kazakh_khanate,Kazakh Khanate,,turkic_cluster,old_turkic,sunni,khanate,central_asian_steppe,1465,1731,,"Emerged from the Uzbek (Shaybanid) breakup when Janybek and Giray led a nomadic confederation into the Kazakh steppe. The three zhuz (hordes: Great, Middle, Small) structure defined Kazakh society. Gradually subordinated by Russian expansion; the Small Zhuz accepted Russian protectorate in 1731 under Dzungar pressure."
safavid_empire,Safavid Empire,,persian,new_persian,shia_twelver,imamate,iran_plateau|mesopotamia|khorasan|caucasus,1501,1736,,Established Twelver Shia as state religion; this religious identity is what NOW defines Iran as distinct from Sunni Turkic/Arab neighbors — same Persian ethnicity as the Timurids but a completely different civilizational identity
mughal_empire,Mughal Empire,,turkic_cluster,new_persian,sunni_hanafi,imperial_monarchy,indus_valley|punjab|ganges_plain|deccan,1526,1857,din_i_ilahi|aurangzeb_sharia,Babur was Timurid (Turkic-Mongol); court was thoroughly Persianized. Akbar's syncretic 'Din-i-Ilahi' experiment attempted to bridge Hindu and Muslim identities — shows religion as a live political variable even within a single regime
tsardom_russia,Tsardom of Russia,,russian,russian,eastern_orthodox,,,1547,1721,,
polish_lithuanian_commonwealth,Polish-Lithuanian Commonwealth,,polish,polish,catholic,elective_monarchy,poland|lithuania|kievan_rus,1569,1795,liberum_veto|constitution_may_3,"The Rzeczpospolita — an elected monarchy (Sejm elected the king) with the liberum veto, which allowed any single noble to dissolve the Sejm. The world's first country with a modern written constitution (May 3, 1791). Partitioned three times by Russia, Prussia, and Austria (1772, 1793, 1795) — erased from the map for 123 years."
tokugawa_shogunate,Tokugawa Shogunate (Edo Period),,yamato,early_modern_japanese,neo_confucianism_shinto,shogunate,japanese_archipelago,1603,1868,sakoku_edict,A period of isolation (Sakoku) and peace under the Tokugawa shoguns. Decentralized but tightly controlled feudalism.
qing_dynasty,Qing Dynasty (Manchu),,jurchen,manchu_lang,vajrayana,dual_administration,yellow_river|yangtze|manchuria|mongolian_plateau,1644,1912,queue_order,"Manchu rulers governed Han majority but maintained strict Manchu identity: forbidden intermarriage, maintained bannerman system, Manchu language in court. Vajrayana Buddhism was a deliberate tool to legitimize rule over Mongols and Tibetans. Projected Confucian face outward while preserving Manchu identity internally — a masterclass in dual identity governance"
maratha_empire,Maratha Empire,,indo_aryan_cluster,marathi,hinduism,feudal_monarchy,deccan,1674,1818,,The Marathas challenged Mughal dominance and nearly unified India under Hindu rule before the British arrived. At their peak (1760) they controlled most of the subcontinent. The Third Battle of Panipat (1761) against the Afghans shattered Maratha power and opened the door for British expansion.
kingdom_of_prussia,Kingdom of Prussia,,german,german,lutheranism,,,1701,1918,,
kingdom_of_great_britain,Kingdom of Great Britain,,english,modern_english,protestant,constitutional_monarchy,britannia|scotland,1707,1801,,The Acts of Union 1707 merged England and Scotland into a single kingdom with one parliament. Scotland retained its distinct legal and church systems.
russian_empire,Russian Empire,,east_slavic,russian,eastern_orthodox,absolute_monarchy,kievan_rus,1721,1917,westernisation,Peter the Great declared the Russian Empire in 1721 after the Great Northern War victory over Sweden. Peter's Westernisation programme transformed Russia into a European Great Power. Catherine the Great (1762–1796) expanded the empire south (Crimea) and west (Poland partitions). 19th-century Russia was the largest state in the world by land area. Defeated in Crimea (1853–56) and Japan (1904–5); autocracy resisted reform until too late; collapsed in Revolution 1917.
afsharid_dynasty,Afsharid Dynasty,,persian,,shia_islam,,,1736,1796,,
qajar_dynasty,Qajar Dynasty,,persian,,shia_islam,,,1796,1925,,
sikh_empire,Sikh Empire,,punjabi,punjabi,sikhism,feudal_monarchy,punjab,1799,1849,,Ranjit Singh unified the Sikh misls (confederacies) into the last major pre-British Indian empire. The Sikh army (Khalsa) trained by European officers was the most modern in Asia. The two Anglo-Sikh Wars ended Sikh independence — the Koh-i-Noor diamond was ceded to the British Crown.
united_kingdom,United Kingdom of Great Britain and Ireland,,english,modern_english,protestant,constitutional_monarchy,britannia|scotland|ireland,1801,,,"Acts of Union 1800 added Ireland; the Irish Free State left in 1922, creating the United Kingdom of Great Britain and Northern Ireland."
kingdom_of_egypt,Kingdom of Egypt,,arab,arabic,sunni,absolute_monarchy,egypt,1805,1952,,"Muhammad Ali Pasha (an Albanian Ottoman officer) seized power in 1805 and founded a modernising dynasty that ruled Egypt for 147 years. He built a modern army, industrialised cotton, and made Egypt semi-independent of Constantinople. His descendants built the Suez Canal (opened 1869) but went bankrupt — British occupation followed (1882). Egypt became a Kingdom nominally independent in 1922 but with British troops remaining. Farouk's corruption and the 1948 Arab–Israeli War defeat triggered the 1952 military coup."
british_raj,British Raj,,english,modern_english,protestant,imperial_monarchy,ganges_plain|indus_valley|punjab|deccan,1858,1947,,"The British Crown replaced the East India Company after the Sepoy Mutiny (1857). The Raj unified the subcontinent under a single administration for the first time since Ashoka — railways, telegraph, common law, English education — but extraction (the 'drain of wealth' Dadabhai Naoroji documented) kept India poor. The Bengal famine of 1943 killed 2–3 million under Churchill's watch. Independence movement from the Indian National Congress; Gandhi's non-violent resistance made the British position untenable."
kingdom_of_italy,Kingdom of Italy,,italian,italian,catholic,constitutional_monarchy,italy,1861,1946,,"The Risorgimento unified the Italian peninsula for the first time since the Western Roman Empire. Italy joined WWI on the Allied side but felt cheated of territory at Versailles ('mutilated victory'), fuelling the rise of Fascism. Mussolini's regime allied with Nazi Germany; ended with Allied liberation and a 1946 referendum establishing the Republic."
empire_of_japan,Empire of Japan (Meiji),,yamato,japanese_cluster,state_shinto,constitutional_monarchy,japanese_archipelago|korean_peninsula|manchuria,1868,1947,meiji_restoration,Rapid modernization (Meiji Restoration) and transformation into a world power. Dismantled the feudal system and expanded across East Asia.
german_empire,German Empire (Deutsches Reich),,german,german,protestant,constitutional_monarchy,germany,1871,1918,,Proclaimed in the Hall of Mirrors at Versailles after the Franco-Prussian War — deliberately humiliating for France. A Prussian-dominated constitutional monarchy; industrialised at breakneck speed to become Europe's foremost industrial power. Bismarck's system of alliances held Europe in balance until Wilhelm II dismissed him in 1890.
japanese_korea,Japanese-Occupied Korea,,japanese_cluster,japanese,state_shinto,bureaucratic_monarchy,korean_peninsula,1910,1945,,"Japanese colonial period following the Japan-Korea Treaty of 1910. Direct imperial administration, suppression of Korean language and culture, and economic exploitation. Ended with Japan's surrender in World War II."
republic_of_china,Republic of China,,han_chinese,modern_chinese,chinese_folk_religion,democratic_republic,yellow_river|yangtze|manchuria,1912,,,"Succeeded the Qing Dynasty after the 1911 Revolution. Sun Yat-sen's Three Principles (Nationalism, Democracy, People's Livelihood). The ROC ruled mainland China through the warlord era, Northern Expedition (1928), Nanjing Decade of limited modernisation, Japanese War (1937–1945), and Civil War. In 1949 the Communists drove the Nationalist government to Taiwan, where the ROC continues to govern."
weimar_republic,Weimar Republic,,german,german,protestant,democratic_republic,germany,1918,1933,article_48,"Germany's first democracy, proclaimed on November 9, 1918 as the Kaiser abdicated. Named after Weimar where the constitution was drafted. The republic faced hyperinflation (1923), the Great Depression (1929), political violence from left and right, and structural constitutional weaknesses (Article 48 emergency powers). Despite cultural brilliance (Bauhaus, Expressionism, cabaret), it was too fragile to survive the economic catastrophe. Hitler was appointed Chancellor on January 30, 1933."
czechoslovakia,Czechoslovakia,,czech,czech,catholic,democratic_republic,bohemia,1918,1993,prague_spring,Created from the Habsburg collapse at Versailles — the most successful democratic state in interwar Central Europe. Munich Agreement (1938) forced it to cede the Sudetenland to Hitler; fully occupied 1939. Liberated 1945; Communist coup 1948. The Prague Spring (1968) — Alexander Dubček's 'socialism with a human face' — was crushed by Soviet tanks. Velvet Revolution (1989) ended communism peacefully. Velvet Divorce (1993) split into Czech Republic and Slovakia.
kingdom_of_iraq,Kingdom of Iraq,,arab,arabic,sunni,constitutional_monarchy,mesopotamia,1921,1958,,"Created by Britain from three Ottoman vilayets (Mosul, Baghdad, Basra) under League of Nations Mandate. Faisal I (son of Sharif Hussein) installed as king. Iraq gained nominal independence in 1932 (first Arab state to join the League of Nations) while British advisors and air bases remained. The 1948 Arab–Israeli War and 1958 military coup ended the Hashemite monarchy."
soviet_union,Soviet Union,,russian,russian,,,,1922,1991,,
republic_of_turkey,Republic of Turkey,,turkic_cluster,modern_turkish,sunni,democratic_republic,anatolia,1923,,,"Mustafa Kemal Atatürk proclaimed the Republic on October 29, 1923 after the War of Independence expelled Greek, French, and Italian forces. Atatürk's programme of Westernisation and secularism: abolished the Caliphate (1924), replaced Arabic script with Latin alphabet, banned the fez, established women's suffrage (1934). Turkey joined NATO (1952). Military coups in 1960, 1971, 1980 periodically interrupted democracy. Erdoğan's AKP government (2002–present) re-Islamised Turkish public life and consolidated presidential power."
mongolian_peoples_republic,Mongolian People's Republic,,mongol,old_turkic,buddhism,communist_state,mongolian_plateau,1924,1992,,"Established as a Soviet satellite state after Soviet-backed revolution against the theocratic Bogd Khanate. The purges of the 1930s under Choibalsan (the 'Mongolian Stalin') massacred 30,000–35,000 people, mostly Buddhist monks — 700 monasteries destroyed. Mongolia was a loyal Soviet ally and the second-oldest communist state. Transitioned to democracy in 1990 and formally dissolved in 1992."
pahlavi_dynasty,Pahlavi Dynasty,,persian,,shia_islam,,,1925,1979,,
manchukuo,Manchukuo,,han_chinese,modern_chinese,chinese_folk_religion,absolute_monarchy,manchuria,1932,1945,,"Japanese puppet state in Manchuria and Inner Mongolia, with the last Qing emperor Puyi as nominal head of state. The Kwantung Army controlled all real power. Site of Unit 731 (biological warfare experiments on prisoners). Collapsed immediately when the Soviet Union declared war on Japan (August 1945) and invaded Manchuria."
saudi_arabia,Kingdom of Saudi Arabia,,arab,arabic,sunni,absolute_monarchy,arabia,1932,,,"Ibn Saud united the Arabian Peninsula through conquest and treaty (1902–1932). Oil discovered in commercial quantities (1938) transformed the kingdom. The 1973 Oil Embargo made Saudi Arabia a global power. The Grand Mosque seizure (1979) by Juhayman al-Otaibi shocked the kingdom; the regime's response was to give more power to conservative ulema — the origin of Saudi export of Wahhabism worldwide. The kingdom remains an absolute monarchy under the Al Saud family, with Vision 2030 attempting modernisation under Crown Prince MBS."
nazi_germany,Nazi Germany (Third Reich),,german,german,,,,1933,1945,,
modern_japan,Modern Japan (Postwar),,yamato,japanese_cluster,,constitutional_monarchy,japanese_archipelago,1947,,,Post-1947 Japan following American occupation and the 1947 Constitution. Parliamentary democracy with a figurehead emperor; economic miracle and rise as a technology and manufacturing superpower.
republic_of_india,Republic of India,,indo_aryan_cluster,hindi,hinduism,democratic_republic,ganges_plain|deccan,1947,,,"Independent India is the world's largest democracy. Partition from Pakistan (1947) was accompanied by mass violence killing 200,000–2 million and displacing 10–20 million people. Nehru's non-aligned foreign policy, democratic constitution, and planned economy shaped the first decades. Economic liberalisation (1991) transformed India into one of the world's fastest-growing economies. BJP (Hindu nationalist) politics under Modi since 2014."
pakistan,Pakistan,,indo_aryan_cluster,urdu,sunni,democratic_republic,indus_valley|punjab,1947,,,"Created as a Muslim homeland by the partition of British India. Jinnah's death (1948) left Pakistan without a founder statesman. Three wars with India (1947, 1965, 1971); Bangladesh broke away in 1971 after the Pakistani Army's genocide in East Pakistan. Nuclear power since 1998. Chronic alternation between civilian and military government; the Army as the dominant political institution. ISI intelligence services and Islamist politics complicate democratisation."
south_korea,Republic of Korea (South Korea),,korean,korean,buddhism,,,1948,,,
north_korea,Democratic People's Republic of Korea (North Korea),,korean,korean,,,,1948,,,
east_germany,German Democratic Republic (East Germany),,german,german,,,,1949,1990,,
federal_republic_germany,Federal Republic of Germany,,german,german,,,,1949,,,
peoples_republic_of_china,People's Republic of China,,han_chinese,modern_chinese,chinese_folk_religion,communist_state,yellow_river|yangtze|manchuria,1949,,,"Mao Zedong proclaimed the PRC on October 1, 1949. The Great Leap Forward (1958–62) caused 15–55 million deaths by famine. The Cultural Revolution (1966–76) destroyed traditional culture and persecuted intellectuals. Deng Xiaoping's economic reforms (1978) launched 40 years of 10% annual growth — the largest poverty reduction in history. Xi Jinping's consolidation of personal power since 2012."
republic_of_egypt,Republic of Egypt,,arab,arabic,sunni,democratic_republic,egypt,1952,,,"The Free Officers' Revolution (July 23, 1952) ended the monarchy. Nasser nationalised the Suez Canal (1956), triggering the Suez Crisis — and emerged as pan-Arab hero when US pressure forced Britain and France to withdraw. Nasser's Egypt was the champion of Arab nationalism. Sadat's Camp David Accords (1978) made peace with Israel — and got him assassinated (1981). Mubarak's 30-year autocracy ended with the Arab Spring (2011); democratic opening under Morsi crushed by military coup (2013) under Sisi."
republic_of_iraq,Republic of Iraq,,arab,arabic,sunni,democratic_republic,mesopotamia,1958,,,"General Abd al-Karim Qasim's 1958 coup killed the royal family and created the republic. Ba'ath Party coups (1963, 1968) brought Saddam Hussein to power (formally 1979). Iran-Iraq War (1980–88); Kuwait invasion (1990); Gulf War; UN sanctions devastated the country. US invasion (2003) destroyed the state; Sunni insurgency, al-Qaeda, and ISIS emerged from the chaos. The 2005 constitution and Shia-dominated democracy have been unable to overcome sectarian divisions."
islamic_republic_iran,Islamic Republic of Iran,,persian,,shia_islam,,,1979,,,
russian_federation,Russian Federation,,russian,russian,,,,1991,,,
balhae,Balhae (Bohai),,korean,old_korean,buddhism,centralized_monarchy,manchuria|korean_peninsula,698,926,,"Founded by Dae Joyeong after the fall of Goguryeo. Controlled most of Manchuria and northern Korean peninsula. Known as the 'Flourishing Land in the East'. Destroyed by the Khitan Liao dynasty in 926. Claimed as a successor state to Goguryeo by Korean historiography; Chinese historiography treats it as a regional regime (Bohai)."
ryukyu_kingdom,Ryukyu Kingdom,,ryukyuan,ryukyuan_lang,buddhism,centralized_monarchy,okinawa,1429,1879,,"Unified the three kingdoms of Okinawa (Sanzan period) under Sho Hashi. A major maritime trading state linking Japan, China, Korea, and Southeast Asia. Became a tributary of Ming China while maintaining independence. Invaded by Japan's Satsuma domain in 1609 and became a dual tributary of both China and Japan. Formally annexed by Japan as Okinawa Prefecture in 1879."
nanda_empire,Nanda Empire,,indo_aryan_cluster,prakrit_dialects,hinduism,imperial_monarchy,ganges_plain,-345,-322,,"The Nanda dynasty united most of northern India under Mahapadma Nanda. Enormous army reportedly of 200,000 infantry. Overthrown by Chandragupta Maurya with the guidance of Chanakya (Kautilya)."
shunga_dynasty,Shunga Dynasty,,indo_aryan_cluster,classical_sanskrit,hinduism,imperial_monarchy,ganges_plain,-185,-73,,"Founded by Pushyamitra Shunga after assassinating the last Maurya emperor. Patronised Brahmanical Hinduism and Sanskrit literature. Built the great stupa at Bharhut. Defended against Indo-Greek incursions from the northwest."
greco_bactrian_kingdom,Greco-Bactrian Kingdom,,ancient_greek,ancient_greek,ancient_greek_religion,monarchy,transoxiana|khorasan,-256,-125,,"Hellenistic successor state in Central Asia. Founded when Diodotus I declared independence from the Seleucids. Controlled Bactria and at times parts of Sogdiana and Gandhara. Remarkable fusion of Greek and Central Asian culture. Fell to Yuezhi/Saka invasions."
indo_greek_kingdom,Indo-Greek Kingdom,,ancient_greek,ancient_greek,buddhism,monarchy,punjab|indus_valley,-180,-10,,"Hellenistic kingdoms in northwestern India and Pakistan. Menander I (Milinda) was the most famous ruler — the Buddhist text Milinda Panha records his dialogues with the monk Nagasena. The Indo-Greeks introduced Hellenistic art to South Asia, foundational to Gandhara Buddhist art."
indo_scythian_kingdom,Indo-Scythian Kingdom,,scythian,prakrit_dialects,buddhism,monarchy,indus_valley|punjab,-200,400,,"Saka (Scythian) rulers who displaced the Indo-Greeks. The Western Satraps and Northern Satraps were the major branches. Patronised Buddhism and used Greek-derived scripts. Azes I established the Azes era (c.47 BCE) used in dating."
indo_parthian_kingdom,Indo-Parthian Kingdom,,parthian,prakrit_dialects,buddhism,monarchy,indus_valley|punjab,-19,226,,"Founded by Gondophares I in the Indus region. The Apostle Thomas reportedly visited Gondophares' court. Displaced the Indo-Scythians in parts of the northwest. Absorbed by the Kushan Empire."
kushan_empire,Kushan Empire,,central_asian_steppe_bloc,bactrian,buddhism,imperial_monarchy,transoxiana|khorasan|punjab|indus_valley|ganges_plain,30,375,,"Founded by Kujula Kadphises from the Yuezhi confederation. Kanishka I (c.127–150 CE) convened the Fourth Buddhist Council and patronised Gandhara art — the first anthropomorphic depictions of the Buddha. Controlled trade routes connecting Rome, Persia, China, and India. The empire was a crucible of Hellenistic, Iranian, Indian, and Central Asian cultures."
kushano_sasanian_kingdom,Kushano-Sasanian Kingdom,,persian,middle_persian_pahlavi,zoroastrianism,vassal_monarchy,khorasan|indus_valley,230,365,,"Sasanian vassal state established after the Sasanids conquered the western Kushan territories. Used the title 'Kushanshah'. Mixed Kushan and Sasanian administrative traditions. Eventually displaced by the Kidarites."
hephthalite_empire,Hephthalite Empire,,central_asian_steppe_bloc,bactrian,buddhism,tribal_confederation,transoxiana|khorasan|punjab|indus_valley,440,565,,"The 'White Huns' who dominated Central and South Asia. Mihirakula was their most feared ruler in India. Defeated the Gupta Empire and the Sasanids. Destroyed by a Sasanid-Göktürk alliance c.560. Left lasting impact on the ethnic composition of Afghanistan and Pakistan."
pratihara_dynasty,Pratihara Dynasty,,indo_aryan_cluster,classical_sanskrit,hinduism,imperial_monarchy,ganges_plain|punjab,730,1036,,"The Gurjara-Pratiharas were the most powerful dynasty of early medieval North India. Nagabhata I repelled the Arab invasions of Sindh. Controlled Kannauj and dominated the Tripartite Struggle against the Rashtrakutas and Palas. Their collapse fragmented North India into Rajput kingdoms."
ghorid_dynasty,Ghorid Sultanate,,pashtun,new_persian_farsi,sunni_islam,sultanate,khorasan|punjab|ganges_plain,1148,1215,,"Afghan dynasty from Ghor (central Afghanistan). Muhammad of Ghor defeated the Rajput confederacy at the Second Battle of Tarain (1192) and established Muslim rule over the Ganges plain. His general Qutb ud-Din Aibak founded the Delhi Sultanate. The Ghorids destroyed the last Buddhist monasteries at Nalanda and Vikramashila."
durrani_empire,Durrani Empire,,pashtun,pashto,sunni_islam,tribal_monarchy,khorasan|punjab|indus_valley,1747,1826,,"Founded by Ahmad Shah Durrani after the assassination of Nadir Shah. Ahmad Shah united the Pashtun tribes and created the first unified Afghan state. His empire stretched from eastern Iran to northern India and from the Amu Darya to the Indian Ocean. The Koh-i-Noor diamond was taken from the Mughal court. The empire fragmented after his death into competing Durrani factions."
saffarid_dynasty,Saffarid Dynasty,,persian,new_persian_farsi,sunni_islam,military_emirate,khorasan|iran_plateau,861,1003,,"Founded by Ya'qub ibn al-Layth al-Saffar, a coppersmith (saffar) turned warlord from Sistan. First dynasty to use New Persian as court language instead of Arabic. Conquered Kabul and ended the Zunbil dynasty. Defeated by the Samanids but survived as vassals in Sistan."
almoravid_dynasty,Almoravid Dynasty,,berber,classical_arabic,sunni_islam,theocratic_monarchy,north_africa|iberia,1040,1147,,"Saharan Berber dynasty founded on strict Maliki Islamic reform. Yusuf ibn Tashfin defeated Alfonso VI at the Battle of Sagrajas (1086) and halted the Reconquista. Founded Marrakesh as capital. Controlled Morocco, western Algeria, and Muslim Spain (al-Andalus)."
almohad_caliphate,Almohad Caliphate,,berber,classical_arabic,sunni_islam,theocratic_caliphate,north_africa|iberia,1121,1269,,"Founded by Ibn Tumart's Masmuda Berber religious movement proclaiming Almohad (monotheist) theology. Defeated the Almoravids. At its peak ruled from Iberia to Libya — the largest Berber empire in history. Defeated at Las Navas de Tolosa (1212) which broke Almohad power in Iberia."
carthage,Carthage (Phoenician City-State),,phoenician,phoenician,phoenician_religion,oligarchy,north_africa,-814,-146,,"Founded by Phoenicians from Tyre. Dominated western Mediterranean trade. The three Punic Wars against Rome (264–146 BCE) were among the most consequential conflicts in ancient history. Hannibal Barca's crossing of the Alps (218 BCE) nearly destroyed Rome. Carthage was razed in 146 BCE; later refounded as a Roman colony."
aksumite_kingdom,Aksumite Kingdom,,cushitic_cluster,geez,christianity,monarchy,nubia,100,940,,"East African trading empire centered in modern Ethiopia/Eritrea. One of the first states to adopt Christianity (c.330 CE under King Ezana). Controlled Red Sea trade between Rome and India. Conquered the Kingdom of Kush. Mani listed it among the four great empires of his time alongside Rome, Persia, and China."
novgorod_republic,Novgorod Republic,,east_slavic,old_east_slavic,eastern_orthodox,oligarchy,kievan_rus,1136,1478,,"One of the most important medieval Russian polities. Governed by a popular assembly (veche) and elected posadniks. A major trading partner of the Hanseatic League. Survived the Mongol invasion by paying tribute without being sacked. Annexed by Ivan III of Moscow in 1478."
latin_empire,Latin Empire,,french,french,roman_catholicism,feudal_monarchy,balkans|anatolia,1204,1261,,"Crusader state established after the Fourth Crusade's sack of Constantinople (1204). A catastrophic blow to Byzantine civilization. Baldwin of Flanders was the first Latin Emperor. Constantly under pressure from the Byzantine successor states (Nicaea, Epirus, Trebizond). Recaptured by Michael VIII Palaiologos of Nicaea in 1261."
kingdom_of_jerusalem,Kingdom of Jerusalem,,french,french,roman_catholicism,feudal_monarchy,levant,1099,1291,,"Crusader state founded after the First Crusade's capture of Jerusalem (1099). Godfrey of Bouillon was the first ruler. The kingdom was a feudal patchwork dependent on Italian maritime republics. Lost Jerusalem to Saladin (1187); briefly recovered it by treaty (1229–1244). The last stronghold, Acre, fell in 1291."
chola_empire,Chola Empire,,dravidian_cluster,tamil,hinduism,imperial_monarchy,deccan,-300,1279,,"One of the longest-ruling dynasties in world history. The medieval Chola Empire under Rajaraja I and Rajendra I (985–1044) built a maritime empire spanning Sri Lanka, the Maldives, and Southeast Asia. The Chola navy was one of the most powerful in the Indian Ocean. Temples at Thanjavur and Gangaikondacholapuram are UNESCO World Heritage Sites."
pandya_dynasty,Pandya Dynasty,,dravidian_cluster,tamil,hinduism,monarchy,deccan,-300,1345,,"Ancient Tamil dynasty centred on Madurai. One of the three crowned kings of the Sangam period alongside the Cholas and Cheras. Marco Polo visited the Pandya kingdom in the 13th century. Defeated by the Delhi Sultanate's Malik Kafur expedition (1311) and the Madurai Sultanate."
pallava_dynasty,Pallava Dynasty,,dravidian_cluster,tamil,hinduism,monarchy,deccan,275,897,,"Major South Indian dynasty centred on Kanchipuram. Pioneered Dravidian temple architecture — the Shore Temple and rathas at Mahabalipuram are their masterwork. Narasimhavarman I defeated the Chalukya Pulakeshin II. Patrons of Sanskrit and Tamil literature."
chalukya_dynasty,Chalukya Dynasty (Badami),,dravidian_cluster,classical_sanskrit,hinduism,imperial_monarchy,deccan,543,757,,"The Badami Chalukyas were the first great Deccan empire. Pulakeshin II defeated Harsha's northward expansion. The dynasty split into the Western and Eastern Chalukyas. Rock-cut cave temples at Badami and Aihole represent early Dravidian and Nagara architecture."
western_chalukya,Western Chalukya Empire,,dravidian_cluster,classical_sanskrit,hinduism,imperial_monarchy,deccan,973,1189,,"Revived Chalukya dynasty (Kalyani Chalukyas). Dominated the Deccan for two centuries. Constant warfare with the Cholas to the south. Their collapse fragmented the Deccan into the Hoysala, Kakatiya, and Yadava kingdoms."
rashtrakuta_dynasty,Rashtrakuta Dynasty,,dravidian_cluster,classical_sanskrit,hinduism,imperial_monarchy,deccan,753,982,,"One of the most powerful Indian empires. The Kailasa temple at Ellora — carved from a single rock — is their greatest monument. Arab traveller Sulaiman called the Rashtrakuta king one of the four great kings of the world. Dominated the Tripartite Struggle for Kannauj."
hoysala_dynasty,Hoysala Empire,,dravidian_cluster,classical_sanskrit,hinduism,monarchy,deccan,1006,1346,,"South Indian dynasty based at Halebidu. Famous for exquisitely ornate temples at Belur and Halebidu. Defeated by the Delhi Sultanate's Malik Kafur expedition (1311). Remnants absorbed into the Vijayanagara Empire."
kakatiya_dynasty,Kakatiya Dynasty,,dravidian_cluster,telugu,hinduism,monarchy,deccan,1083,1323,,"Telugu dynasty ruling from Warangal (Orugallu). Built the Warangal Fort and the Thousand Pillar Temple. Rudrama Devi was one of the few female rulers in Indian history. Conquered by the Delhi Sultanate under Ulugh Khan (1323)."
sur_empire,Sur Empire,,pashtun,new_persian_farsi,sunni_islam,sultanate,ganges_plain|punjab,1540,1556,,"Afghan dynasty founded by Sher Shah Suri after defeating the Mughal Humayun. Despite ruling only 16 years, Sher Shah introduced the rupee, built the Grand Trunk Road, and reformed the revenue system. These innovations were adopted by the returning Mughals and later the British."
bengal_sultanate,Bengal Sultanate,,turkic_cluster,bengali,sunni_islam,sultanate,ganges_plain,1352,1576,,"Independent Muslim state in Bengal. Initially Ilyas Shahi dynasty, later the Hussain Shahi dynasty patronised Bengali literature and architecture. Sonargaon and Gaur were successive capitals. Conquered by the Mughals under Akbar."
mysore_kingdom,Mysore Kingdom,,dravidian_cluster,kannada,hinduism,monarchy,deccan,1399,1799,,"South Indian kingdom in modern Karnataka. The Wodeyar dynasty ruled until Hyder Ali's usurpation (1761). Hyder Ali and his son Tipu Sultan modernised the army with iron-cased rockets and French-trained infantry. Tipu Sultan died at the Fourth Anglo-Mysore War (1799); the Wodeyars were restored as British vassals."
tibetan_empire,Tibetan Empire,,tibetan,old_tibetan,buddhism,imperial_monarchy,central_asian_steppe,618,842,,"Founded by Songtsen Gampo who unified the Tibetan plateau. Adopted Buddhism and created the Tibetan script. Trisong Detsen expanded the empire to its greatest extent — sacking the Tang capital Chang'an in 763 CE. One of the most powerful empires of 7th–9th century Asia. Collapsed after the assassination of Lang Darma (842), fragmenting Tibet for four centuries."
western_xia,Western Xia (Tangut Empire),,central_asian_steppe_bloc,tangut,buddhism,imperial_monarchy,central_asian_steppe,1038,1227,,"Tangut empire in northwestern China. Controlled the Hexi Corridor and Silk Road trade. Developed a unique script modelled on Chinese characters. Resisted both the Song and Liao dynasties. Utterly destroyed by Genghis Khan's final campaign (1227) — the Mongols annihilated the Tangut state so thoroughly that it nearly vanished from historical memory."
chera_dynasty,Chera Dynasty,,dravidian_cluster,tamil,hinduism,monarchy,deccan,-300,1102,,"One of the three crowned Tamil kings of the Sangam period alongside the Cholas and Pandyas. Controlled Kerala and western Tamil Nadu. The later Chera Perumals of Mahodayapuram (9th-12th c.) patronised both Hinduism and Buddhism."
vakataka_dynasty,Vakataka Dynasty,,indo_aryan_cluster,classical_sanskrit,hinduism,monarchy,deccan,250,500,,"Major Deccan dynasty allied by marriage with the Gupta Empire. Pravarasena II commissioned the Ajanta cave paintings — among the greatest masterworks of Buddhist art. Controlled the Vidarbha region of central India."
kadamba_dynasty,Kadamba Dynasty,,dravidian_cluster,kannada,hinduism,monarchy,deccan,345,525,,"First indigenous dynasty to rule Karnataka. Founded by Mayurasharma. Established Banavasi as capital. Pioneered the use of Kannada as an administrative language. Later became feudatories of the Chalukyas."
sena_dynasty,Sena Dynasty,,indo_aryan_cluster,classical_sanskrit,hinduism,monarchy,ganges_plain,1070,1230,,"Last major Hindu dynasty of Bengal. Patronised Sanskrit literature and codified Hindu caste law (Dayabhaga system). Lakshmana Sena's court included the great poet Jayadeva (Gita Govinda). Collapsed under Bakhtiyar Khalji's Muslim invasion (1203–1204)."
yadava_dynasty,Yadava Dynasty (Devagiri),,indo_aryan_cluster,classical_sanskrit,hinduism,monarchy,deccan,850,1317,,"Major Deccan dynasty ruling from Devagiri (Daulatabad). Patrons of Marathi literature — the saint-poet Dnyaneshwar wrote under their rule. Conquered by Alauddin Khalji's Delhi Sultanate general Malik Kafur (1307–1317)."
gajapati_dynasty,Gajapati Dynasty (Odisha),,indo_aryan_cluster,classical_sanskrit,hinduism,monarchy,ganges_plain,1078,1541,,"Eastern Indian dynasty ruling from Cuttack. Kapilendra Deva expanded the kingdom to its greatest extent. Patrons of the Jagannath temple at Puri. The title 'Gajapati' (Lord of Elephants) was one of the four traditional Indian royal titles."
malwa_sultanate,Malwa Sultanate,,turkic_cluster,new_persian_farsi,sunni_islam,sultanate,ganges_plain,1392,1562,,"Independent sultanate in central India. Hoshang Shah built the Jama Masjid of Mandu — one of the finest examples of Afghan architecture in India. The kingdom was a centre of Indo-Islamic cultural synthesis. Conquered by the Mughals."
gujarat_sultanate,Gujarat Sultanate,,turkic_cluster,new_persian_farsi,sunni_islam,sultanate,indus_valley,1407,1573,,"Wealthy sultanate controlling Gujarat's lucrative Indian Ocean trade. Ahmad Shah I founded Ahmedabad (1411). Mahmud Begada fortified the coast against Portuguese encroachment. Annexed by the Mughal emperor Akbar."
jaunpur_sultanate,Jaunpur Sultanate,,turkic_cluster,new_persian_farsi,sunni_islam,sultanate,ganges_plain,1394,1479,,"Known as the 'Shiraz of India' for its cultural achievements. The Sharqi dynasty patronised architecture (Atala Mosque) and Islamic scholarship. Conquered by the Lodi Sultans of Delhi."
madurai_sultanate,Madurai Sultanate,,turkic_cluster,new_persian_farsi,sunni_islam,sultanate,deccan,1335,1378,,"Short-lived sultanate established after the Delhi Sultanate's Tughluq governors declared independence. Destroyed by the rising Vijayanagara Empire under Kumara Kampana — celebrated in the Tamil epic Madhuravijayam."
hyderabad_state,Nizam of Hyderabad,,turkic_cluster,new_persian_farsi,sunni_islam,monarchy,deccan,1724,1948,,"Founded by Asaf Jah I (Nizam-ul-Mulk) after the Mughal Empire's decline. The richest princely state in British India. The Nizam was reputedly the wealthiest man in the world in the 1930s. Integrated into India by military action (Operation Polo) in 1948."
kamarupa_kingdom,Kamarupa Kingdom,,indo_aryan_cluster,classical_sanskrit,hinduism,monarchy,ganges_plain,350,1140,,"Ancient kingdom in Assam and northeastern India. Bhaskaravarman was an ally of Harsha. Xuanzang visited and described it as a prosperous Buddhist centre. The kingdom's Pragjyotishpura (Guwahati) was a renowned centre of Tantric learning."
mitanni_empire,Mitanni Empire,,hurrian,hurrian,mesopotamian_religion,imperial_monarchy,mesopotamia|levant,-1500,-1300,,"Hurrian-speaking empire in northern Mesopotamia. The ruling elite used Indo-Aryan names and worshipped Vedic deities (Mitra, Varuna, Indra) — evidence of early Indo-Aryan migration. Major rival of Egypt and the Hittites. Destroyed by the Assyrians."
hasmonean_dynasty,Hasmonean Dynasty,,hebrew,hebrew,judaism,theocratic_monarchy,levant,-140,-37,,"Jewish priestly dynasty that won independence from the Seleucids through the Maccabean Revolt (167–160 BCE). Established the last independent Jewish state before modern Israel. Internal civil war invited Roman intervention (63 BCE) leading to eventual replacement by the Herodian dynasty."
palmyrene_empire,Palmyrene Empire,,semitic_cluster,aramaic,ancient_near_eastern_religion,monarchy,levant,260,273,,"Queen Zenobia's breakaway empire that briefly controlled Syria, Egypt, and much of Anatolia. Palmyra was a fabulously wealthy caravan city linking Rome and Persia. Defeated by the Roman Emperor Aurelian (272–273). Zenobia was paraded in golden chains through Rome."
tulunid_dynasty,Tulunid Dynasty,,turkic_cluster,classical_arabic,sunni_islam,emirate,egypt|levant,868,905,,"First independent Muslim dynasty in Egypt. Founded by Ahmad ibn Tulun, a Turkic slave-soldier of the Abbasid caliphate. Built the Mosque of Ibn Tulun in Cairo — one of the oldest intact mosques in Egypt. Controlled Egypt and Syria."
ikhshidid_dynasty,Ikhshidid Dynasty,,turkic_cluster,classical_arabic,sunni_islam,emirate,egypt|levant,935,969,,"Short-lived Turkic dynasty ruling Egypt and Syria. The regent Kafur (an Ethiopian eunuch) was the effective ruler and one of the most powerful Black rulers in medieval Islamic history. Overthrown by the Fatimid invasion from North Africa."
zangid_atabegate,Zangid Atabegate,,turkic_cluster,classical_arabic,sunni_islam,military_emirate,mesopotamia|levant,1127,1250,,"Turkic dynasty founded by Imad ad-Din Zengi. His son Nur ad-Din unified Muslim Syria and launched the counter-crusade. Nur ad-Din's general Saladin eventually founded the Ayyubid dynasty. The Zangids initiated the ideological framework for reconquering Crusader states."
buyid_dynasty,Buyid Dynasty,,persian,new_persian_farsi,shia,monarchy,mesopotamia|iran_plateau,934,1062,,"Daylamite (Iranian) dynasty that conquered Baghdad and reduced the Abbasid caliph to a figurehead. The first major Shia dynasty. Patronised Persian literature and science — the philosopher Avicenna served Buyid courts. Overthrown by the Seljuk Turks."
jalayirid_sultanate,Jalayirid Sultanate,,mongol,new_persian_farsi,sunni_islam,sultanate,mesopotamia|iran_plateau,1335,1432,,"Mongol successor state in Iraq and western Iran after the Il-Khanate's collapse. Ahmad Jalayir patronised Persian miniature painting — the Baghdad school flourished under his rule. Destroyed by Timur's invasions and Turkmen tribal pressure."
lakhmid_kingdom,Lakhmid Kingdom,,arab,old_arabic,christianity,tribal_monarchy,mesopotamia,300,602,,"Arab client kingdom of the Sassanid Empire based at al-Hira (Iraq). Predominantly Nestorian Christian. A buffer state and cultural bridge between Persia and Arabia. The Lakhmid court patronised pre-Islamic Arabic poetry. Abolished by the Sassanid Khosrow II."
kingdom_of_saba,Kingdom of Saba (Sheba),,semitic_cluster,old_south_arabian,south_arabian_religion,monarchy,arabia,-1200,-275,,"Ancient South Arabian kingdom — the Biblical Queen of Sheba's realm. Controlled the lucrative frankincense and myrrh trade. Built the Great Dam of Ma'rib, one of the engineering wonders of the ancient world. The dam's final collapse (c.570 CE) is mentioned in the Quran."
himyarite_kingdom,Himyarite Kingdom,,semitic_cluster,old_south_arabian,judaism,monarchy,arabia,-110,525,,"Last great pre-Islamic South Arabian kingdom. Uniquely adopted Judaism as state religion under King Dhu Nuwas. His persecution of Christians at Najran (523 CE) provoked an Ethiopian (Aksumite) invasion that ended Himyarite rule and paved the way for Islam."
state_of_israel,State of Israel,,hebrew,hebrew,judaism,democratic_republic,levant,1948,,,"Founded on May 14, 1948 following the UN Partition Plan and the end of the British Mandate. Wars with Arab neighbours (1948, 1967, 1973) expanded its territory. The Israeli-Palestinian conflict remains one of the world's most intractable disputes. A technologically advanced democracy with compulsory military service."
kingdom_of_jordan,Hashemite Kingdom of Jordan,,arab,arabic,sunni_islam,constitutional_monarchy,levant,1946,,,"Founded as Transjordan under the Hashemite Emir Abdullah I (British mandate from 1921). Gained independence in 1946. Lost the West Bank to Israel in 1967. Absorbed large Palestinian refugee populations. The Hashemite dynasty traces descent from the Prophet Muhammad."
numidia,Kingdom of Numidia,,berber_amazigh_cluster,berber,ancient_near_eastern_religion,monarchy,north_africa,-202,-46,,"Berber kingdom in North Africa (modern Algeria). Massinissa unified Numidia as a Roman ally against Carthage. His descendant Jugurtha fought the Jugurthine War against Rome (112–106 BCE). Julius Caesar annexed Numidia after defeating the Pompeians at Thapsus (46 BCE)."
idrisid_dynasty,Idrisid Dynasty,,berber_amazigh_cluster,classical_arabic,sunni_islam,emirate,north_africa,788,974,,"Founded by Idris I, a descendant of Ali ibn Abi Talib who fled the Abbasid massacre. The first Muslim dynasty of Morocco. Founded the city of Fez (808), which became one of the great centres of Islamic learning. Introduced Islam deeply into Berber North Africa."
marinid_dynasty,Marinid Dynasty,,berber_amazigh_cluster,classical_arabic,sunni_islam,sultanate,north_africa,1244,1465,,"Zenata Berber dynasty that replaced the Almohads in Morocco. Built the famous Bou Inania Madrasa in Fez. Attempted to reconquer al-Andalus but defeated at the Battle of Rio Salado (1340). Their decline opened Morocco to Portuguese coastal incursions."
saadian_dynasty,Saadian Dynasty,,berber_amazigh_cluster,classical_arabic,sunni_islam,sultanate,north_africa,1549,1659,,"Arab-descended Sharifs who expelled the Portuguese from Morocco. Ahmad al-Mansur's conquest of the Songhai Empire (1591) brought trans-Saharan gold wealth. Built the magnificent El Badi Palace in Marrakesh. The dynasty's collapse led to a prolonged civil war."
alawite_dynasty,Alawite Dynasty (Morocco),,berber_amazigh_cluster,classical_arabic,sunni_islam,monarchy,north_africa,1631,,,"Ruling dynasty of Morocco since the 17th century — one of the world's longest-reigning dynasties. Moulay Ismail (r.1672–1727) built a formidable army and made Meknes a rival to Versailles. The current King Mohammed VI traces direct descent. Morocco is one of only three kingdoms remaining in Africa."
aghlabid_dynasty,Aghlabid Dynasty,,arab,classical_arabic,sunni_islam,emirate,north_africa,800,909,,"Abbasid governors who became de facto independent in Ifriqiya (Tunisia). Conquered Sicily (827–902), bringing Islam to southern Europe. Built the Great Mosque of Kairouan. Overthrown by the Fatimid Shia revolution."
zirid_dynasty,Zirid Dynasty,,berber_amazigh_cluster,classical_arabic,sunni_islam,emirate,north_africa,972,1148,,"Sanhaja Berber dynasty ruling Ifriqiya as Fatimid vassals, then independently. Their break from the Fatimids provoked the devastating Banu Hilal Arab invasion (1057) — one of the most destructive events in North African history, turning agricultural land to pasture."
hafsid_dynasty,Hafsid Dynasty,,berber_amazigh_cluster,classical_arabic,sunni_islam,sultanate,north_africa,1229,1574,,"Almohad governors who became independent rulers of Ifriqiya (Tunisia and eastern Algeria). At one point recognised as caliph by Mecca. Tunis became a major Mediterranean trading city. Conquered by the Ottoman corsair Hayreddin Barbarossa."
rustamid_dynasty,Rustamid Dynasty,,persian,classical_arabic,ibadi_islam,imamate,north_africa,776,909,,"Ibadi Muslim dynasty in central Algeria (Tahert). One of the few Ibadi states in history. A haven of religious tolerance where Ibadi, Sunni, Shia, Christian, and Jewish communities coexisted. Destroyed by the Fatimid conquest."
funj_sultanate,Funj Sultanate,,nubian,classical_arabic,sunni_islam,sultanate,nubia,1504,1821,,"Major sultanate of the Nile Valley (modern Sudan). Founded by the Funj people at Sennar. An alliance with the Abdallabi Arabs created a vast state. The sultanate Islamised much of the upper Nile region. Conquered by Muhammad Ali's Egyptian forces."
darfur_sultanate,Darfur Sultanate,,cushitic_cluster,classical_arabic,sunni_islam,sultanate,nubia,1603,1916,,"Fur dynasty controlling western Sudan. The Keira dynasty built a powerful state based on trans-Saharan trade. Ahmad Bukr introduced Islam. Conquered by the British-Egyptian Mahdist War aftermath but briefly revived (1898–1916). Its legacy shapes Darfur's political identity today."
makuria_kingdom,Kingdom of Makuria,,nubian,old_nubian,coptic_orthodox,monarchy,nubia,340,1364,,"Christian Nubian kingdom centred on Dongola. Defeated an Arab invasion at the Battle of Dongola (652), forcing the Baqt treaty — one of the longest-lasting peace agreements in history (~600 years). The Faras Cathedral murals are masterworks of medieval Christian art."
mahdist_state,Mahdist State,,arab,classical_arabic,sunni_islam,theocratic_state,nubia,1885,1898,,"Founded by Muhammad Ahmad (the Mahdi) who proclaimed a religious revolution against Egyptian-Ottoman rule. The siege and fall of Khartoum (1885), killing General Gordon, shocked the British Empire. Destroyed by Kitchener's Anglo-Egyptian force at Omdurman (1898)."
zagwe_dynasty,Zagwe Dynasty,,cushitic_cluster,geez,ethiopian_tewahido_church,monarchy,nubia,900,1270,,"Ethiopian dynasty ruling from Roha (now Lalibela). King Lalibela commissioned the eleven rock-hewn churches of Lalibela — carved from solid volcanic rock, they are among the most remarkable architectural achievements in Africa. Overthrown by the Solomonic restoration."
solomonic_dynasty,Ethiopian Empire (Solomonic),,amhara,geez,ethiopian_tewahido_church,imperial_monarchy,nubia,1270,1974,,"Claimed descent from King Solomon and the Queen of Sheba. The longest-ruling dynasty in world history. Emperor Menelik II defeated Italy at Adwa (1896) — the most decisive African victory over a European power. Haile Selassie modernised Ethiopia and inspired the Rastafari movement. Ended by the Derg communist revolution."
adal_sultanate,Adal Sultanate,,somali,classical_arabic,sunni_islam,sultanate,arabia,1415,1577,,"Muslim sultanate in the Horn of Africa. Imam Ahmad ibn Ibrahim al-Ghazi ('Ahmad Gran') conquered most of Ethiopia in a devastating jihad (1529–1543), nearly destroying the Solomonic dynasty. Portuguese intervention and Ethiopian resistance eventually reversed the conquest."
ifat_sultanate,Ifat Sultanate,,somali,classical_arabic,sunni_islam,sultanate,arabia,1285,1415,,"Medieval Muslim sultanate on the Ethiopian coast. Fought prolonged wars with the Solomonic Ethiopian Empire. The Walashma dynasty ruled both Ifat and its successor state Adal. A crucial link in Indian Ocean trade networks."
ajuran_sultanate,Ajuran Sultanate,,somali,somali,sunni_islam,sultanate,arabia,1300,1700,,"Somali sultanate controlling the Indian Ocean coast. A hydraulic empire that built sophisticated water engineering systems. Controlled Mogadishu, then one of the wealthiest cities in Africa. Traded extensively with Ming China, Mughal India, and Mamluk Egypt."
second_bulgarian_empire,Second Bulgarian Empire,,south_slavic,old_church_slavonic,eastern_orthodox,monarchy,balkans,1185,1396,,"Restored Bulgarian state after the Asen brothers' rebellion against Byzantium. Tsar Kaloyan defeated the Latin Emperor Baldwin I at Adrianople (1205). Ivan Asen II (r.1218–1241) dominated the Balkans. Fragmented in the 14th century and conquered by the Ottomans."
serbian_despotate,Serbian Despotate,,serbian,serbian,eastern_orthodox,despotate,balkans,1402,1459,,"Last medieval Serbian state, ruled by the Lazarevic and Brankovic dynasties after the Ottoman defeat at Ankara (1402) gave a reprieve. Stefan Lazarevic made Belgrade the capital. Gradually reduced by Ottoman expansion until the fall of Smederevo (1459)."
bosnian_kingdom,Bosnian Kingdom,,south_slavic,old_church_slavonic,roman_catholicism,monarchy,balkans,1377,1463,,"Tvrtko I crowned himself King of Bosnia and Serbia (1377). The Bosnian Church (a disputed Christian sect) was unique to the region. Fell to the Ottoman Sultan Mehmed II (1463). Many Bosnian nobles converted to Islam — the origin of the Bosniak Muslim community."
croatian_kingdom,Croatian Kingdom,,croatian,croatian,roman_catholicism,monarchy,balkans,925,1102,,"Tomislav was the first Croatian king (925). The kingdom reached its peak under Petar Kresimir IV. After a succession crisis, Croatia entered a personal union with Hungary (1102) that lasted until 1918. The Pacta Conventa defined Croatian autonomy within the union."
dacian_kingdom,Dacian Kingdom,,thracian,dacian,ancient_near_eastern_religion,monarchy,balkans,-82,106,,"Powerful kingdom in modern Romania. Burebista briefly united all Dacian tribes (82–44 BCE). Decebalus fought two major wars against Trajan (101–106 CE). Trajan's conquest and the subsequent Roman colonisation of Dacia is the origin myth of the Romanian people."
principality_of_wallachia,Principality of Wallachia,,romanian,romanian,eastern_orthodox,principality,balkans,1290,1859,,"Romanian principality between the Carpathians and the Danube. Mircea the Elder (r.1386–1418) and Vlad III ('the Impaler' / Dracula, r.1456–1462) resisted Ottoman expansion. Wallachia was an Ottoman vassal for most of its history. United with Moldavia to form Romania (1859)."
principality_of_moldavia,Principality of Moldavia,,romanian,romanian,eastern_orthodox,principality,balkans,1346,1859,,"Romanian principality east of the Carpathians. Stephen the Great (r.1457–1504) defeated the Ottomans, Hungarians, and Poles — Pope Sixtus IV called him 'Athlete of Christ'. Moldavia was an Ottoman vassal from 1538. United with Wallachia to form Romania (1859)."
kingdom_of_romania,Kingdom of Romania,,romanian,romanian,eastern_orthodox,constitutional_monarchy,balkans,1881,1947,,"Created from the union of Wallachia and Moldavia. Gained independence from the Ottoman Empire in 1877. Doubled in size after World War I by acquiring Transylvania, Bessarabia, and Bukovina. Ion Antonescu's alliance with Nazi Germany led to participation in the Holocaust. Communist takeover forced King Michael's abdication (1947)."
kingdom_of_greece,Kingdom of Greece,,modern_greek,modern_greek,eastern_orthodox,constitutional_monarchy,balkans,1832,1973,,"Established after the Greek War of Independence (1821–1829). The Megali Idea drove territorial expansion through the Balkan Wars and WWI. Oscillated between monarchy and republic. The military junta (1967–1974) was the final crisis; a referendum abolished the monarchy in 1974."
cossack_hetmanate,Cossack Hetmanate,,east_slavic,old_east_slavic,eastern_orthodox,military_republic,pontic_steppe,1649,1764,,"Ukrainian Cossack state founded by Bohdan Khmelnytsky's uprising against Poland (1648). The Treaty of Pereyaslav (1654) brought Russian protection — and eventual domination. The Hetmanate represented the first major expression of Ukrainian political autonomy. Abolished by Catherine the Great."
galicia_volhynia,Principality of Galicia-Volhynia,,east_slavic,old_east_slavic,eastern_orthodox,principality,kievan_rus,1199,1349,,"Major western Rus' principality. Daniel of Galicia received a royal crown from the Pope (1253). A culturally sophisticated state that maintained contacts with both Latin Christendom and the Mongol Golden Horde. Partitioned between Poland and Lithuania after the last Rurikid ruler died."
kazan_khanate,Kazan Khanate,,tatar,chagatai_turkic,sunni_islam,khanate,pontic_steppe,1438,1552,,"Tatar successor state of the Golden Horde on the middle Volga. A wealthy trading state controlling the Volga-Kama confluence. Ivan the Terrible's conquest of Kazan (1552) was a pivotal moment in Russian expansion eastward. The siege is commemorated by St. Basil's Cathedral in Moscow."
kara_khanid_khanate,Kara-Khanid Khanate,,turkic_cluster,chagatai_turkic,sunni_islam,khanate,transoxiana|central_asian_steppe,840,1212,,"First major Turkic dynasty to convert to Islam (c.960). Conquered the Samanid Empire. Kashgari's Divan-i Lugat-it-Turk (1072–1074) — the first comprehensive dictionary of Turkic languages — was written under Kara-Khanid patronage. Yusuf Balasaguni's Kutadgu Bilig is another masterwork."
khanate_of_bukhara,Khanate of Bukhara,,turkic_cluster,chagatai_turkic,sunni_islam,khanate,transoxiana,1500,1785,,"Uzbek Shaybanid state centred on Bukhara. Muhammad Shaybani defeated the Timurids and established Uzbek rule over Transoxiana. Bukhara remained a major centre of Islamic learning. The later Janid dynasty was replaced by the Manghit Emirs (Emirate of Bukhara, 1785–1920)."
khanate_of_khiva,Khanate of Khiva,,turkic_cluster,chagatai_turkic,sunni_islam,khanate,transoxiana,1511,1920,,"Uzbek khanate in Khwarezm (modern western Uzbekistan/Turkmenistan). Controlled the lower Amu Darya. The slave trade was a major economic activity. Russia's General Kaufman conquered Khiva in 1873, making it a protectorate. Abolished by the Red Army (1920)."
khanate_of_kokand,Khanate of Kokand,,turkic_cluster,chagatai_turkic,sunni_islam,khanate,transoxiana,1709,1876,,"Uzbek khanate in the Fergana Valley. Expanded into Tashkent and parts of southern Kazakhstan and Xinjiang. The most commercially active of the three Central Asian khanates. Conquered by the Russian Empire under General Skobelev (1876)."
qara_khitai,Qara Khitai (Western Liao),,khitan,classical_chinese,buddhism,imperial_monarchy,central_asian_steppe|transoxiana,1124,1218,,"Empire founded by Khitan refugees from the Jurchen conquest of the Liao dynasty. Yelu Dashi defeated the Seljuk Sultan Sanjar at the Battle of Qatwan (1141) — reverberating through Christendom as the legend of Prester John. Conquered by the Mongols (Kuchlug and then Genghis Khan)."
dzungar_khanate,Dzungar Khanate,,mongol,oirat,buddhism,tribal_confederation,central_asian_steppe,1634,1755,,"Last great nomadic empire of Central Asia. The Oirat Mongol Dzungars controlled a vast territory from Kazakhstan to Tibet. Their wars with the Qing dynasty spanned a century. The Qing genocide of the Dzungars (1755–1758) killed an estimated 80% of the Dzungar population — one of the 18th century's greatest atrocities."
moghulistan,Moghulistan Khanate,,mongol,chagatai_turkic,sunni_islam,khanate,central_asian_steppe,1347,1462,,"Eastern successor of the Chagatai Khanate. The Moghul khans (Chagataid Mongols who had Islamised and Turkicised) controlled Xinjiang and parts of Central Asia. Tughlugh Timur was the first to convert to Islam. Fragmented into smaller khanates."
yarkand_khanate,Yarkand Khanate,,turkic_cluster,chagatai_turkic,sunni_islam,khanate,central_asian_steppe,1514,1705,,"Chagataid khanate in the Tarim Basin (southern Xinjiang). Said Khan founded the khanate after defeating the Moghulistan remnants. The Naqshbandi Sufi order gained enormous influence. Conquered by the Dzungar Khanate."
hotak_dynasty,Hotak Dynasty,,pashtun,pashto,sunni_islam,tribal_monarchy,khorasan|iran_plateau,1709,1738,,"Ghilzai Pashtun dynasty that overthrew Safavid rule. Mirwais Hotak revolted in Kandahar (1709). His son Mahmud conquered Isfahan (1722) and ended the Safavid dynasty — one of the most dramatic reversals in Persian history. Defeated by Nadir Shah (Afsharid) by 1738."
elam,Kingdom of Elam,,persian,elamite,ancient_near_eastern_religion,monarchy,iran_plateau,-2700,-539,,"One of the oldest civilisations in Iran, centred on Susa. Rivalled Mesopotamian powers for millennia. The ziggurat of Chogha Zanbil (c.1250 BCE) is a UNESCO World Heritage Site. Elamite sacked Babylon and captured the Code of Hammurabi. Absorbed into the Achaemenid Empire."
zand_dynasty,Zand Dynasty,,persian,new_persian_farsi,shia,monarchy,iran_plateau,1751,1794,,"Short-lived Persian dynasty. Karim Khan Zand ruled as 'Advocate of the People' (Vakil) rather than shah — a unique humility. Made Shiraz a cultural capital. The Vakil Bazaar and citadel remain landmarks. Overthrown by the Qajar Agha Muhammad Khan in a brutal campaign."
kara_koyunlu,Kara Koyunlu (Black Sheep Turkmen),,turkic_cluster,azerbaijani,shia,tribal_confederation,iran_plateau|mesopotamia,1374,1468,,"Turkmen tribal confederation in eastern Anatolia, Azerbaijan, and Iraq. Jahan Shah briefly controlled a vast territory from Baghdad to Kerman. Patrons of Turkmen and Persian art. Destroyed by their rivals the Aq Qoyunlu at the Battle of Chapakchur (1467)."
aq_qoyunlu,Aq Qoyunlu (White Sheep Turkmen),,turkic_cluster,azerbaijani,sunni_islam,tribal_confederation,iran_plateau|mesopotamia|anatolia,1378,1508,,"Turkmen tribal confederation that dominated Iran and Iraq. Uzun Hasan allied with Venice against the Ottomans. Defeated the Kara Koyunlu and Timurids. Their collapse enabled the Safavid rise — Shah Ismail I defeated the last Aq Qoyunlu ruler at the Battle of Sharur (1501)."
khoshut_khanate,Khoshut Khanate,,mongol,oirat,buddhism,tribal_confederation,central_asian_steppe,1642,1717,,"Oirat Mongol khanate in Tibet. Gushi Khan installed the 5th Dalai Lama as ruler of Tibet (1642), creating the Ganden Phodrang government. The Khoshuts served as military protectors of the Dalai Lama's regime until overthrown by Dzungar invaders (1717)."
tahirid_dynasty,Tahirid dynasty,,persian,arabic,sunni,emirate,khorasan|iran_plateau,821,873,,
kidarites,Kidarites / Alchon Huns,,steppe_nomadic,,buddhism,khaganate,khorasan|transoxiana|indus_valley,350,475,,
hephthalites,Hephthalites,,steppe_nomadic,,,khaganate,khorasan|transoxiana|central_asian_steppe,440,560,,
republic_of_venice,Venice,,italian,italian,roman_catholicism,republic,italy|balkans,697,1797,,
austria_hungary,Austria-Hungary / Italian occupation zones,,german,german,roman_catholicism,constitutional_monarchy,hungary|bohemia|balkans|italy,1867,1918,,
rouran_khaganate,Rouran Khaganate,,mongol,,tengrism,khaganate,mongolian_plateau|central_asian_steppe,330,555,,
xianbei,Xianbei,,steppe_nomadic,,tengrism,tribal_confederation,mongolian_plateau|manchuria|central_asian_steppe,93,234,,
northern_wei,Northern Wei tributary,,steppe_nomadic,old_chinese,buddhism,chinese_imperial,yellow_river|mongolian_plateau|manchuria,386,535,,
macedonian_kingdom,Macedonian Kingdom,,ancient_greek,ancient_greek,greek_paganism,monarchy,balkans,-808,-168,,
sfr_yugoslavia,SFR Yugoslavia,,slavic,serbo_croatian,,communist_state,balkans,1945,1992,,
gepid_kingdom,Gepid Kingdom,,germanic,,arianism,monarchy,hungary|balkans,454,567,,
turgesh_khaganate,Turgesh Khaganate,,turkic,old_turkic,tengrism,khaganate,central_asian_steppe|transoxiana,699,766,,
turkestan_assr,Turkestan ASSR,,turkic,,,communist_state,central_asian_steppe|transoxiana,1918,1924,,
yuezhi,Yuezhi,,steppe_nomadic,,,tribal_confederation,central_asian_steppe|transoxiana,-300,-130,,
northern_yuan,Northern Yuan,,mongol,mongolian,vajrayana_buddhism,khaganate,mongolian_plateau,1368,1635,,
illyrian_kingdom,Illyrian Kingdom,,ancient_european,,,monarchy,balkans,-400,-168,,
lysimachus,Lysimachus,,ancient_greek,ancient_greek,greek_paganism,monarchy,balkans|anatolia,-306,-281,,
hungary,Hungary,,magyar,hungarian,roman_catholicism,monarchy,hungary|balkans,1000,1946,,
chobanid_dynasty,Chobanid dynasty,,mongol,persian,sunni,khanate,iran_plateau|caucasus,1335,1357,,
transcaucasian_democratic_federative_republic,Transcaucasian Democratic Federative Republic,,,,,democratic_republic,caucasus,1918,1918,,
banu_ghaniya,Banu Ghaniya,,berber,arabic,sunni,emirate,north_africa,1148,1237,,
kidarites_alchon_huns,Kidarites / Alchon Huns,,steppe_nomadic,,,khaganate,khorasan|transoxiana,350,530,,
first_turkic_khaganate,First Türkic Empire,,turkic,old_turkic,tengrism,khaganate,mongolian_plateau|central_asian_steppe|khorasan,552,603,,
nezak_huns,Nezak Huns,,steppe_nomadic,,,khanate,khorasan|indus_valley,475,560,,
turk_shahis,Türk Shahis,,turkic,,buddhism,monarchy,khorasan|indus_valley,665,879,,
zunbil_dynasty,Zunbil dynasty,,steppe_nomadic,,,monarchy,khorasan,680,870,,
hindu_shahis,Hindu Shahis,,indo_aryan,,hinduism,monarchy,khorasan|punjab,850,1026,,
dahae,Dahae,,steppe_nomadic,,,tribal_confederation,central_asian_steppe|khorasan,-700,-200,,
saka,Saka / Massagetae,,scythian,,scythian_religion,tribal_confederation,central_asian_steppe|khorasan,-900,-200,,
kangju,Kangju,,steppe_nomadic,,,monarchy,transoxiana|central_asian_steppe,-200,400,,
wusun,Wusun,,steppe_nomadic,,tengrism,tribal_confederation,central_asian_steppe,-200,400,,
later_liang,Later Liang / Northern Liang,,han,old_chinese,buddhism,chinese_imperial,yellow_river,907,923,,
western_wei,Western Wei / Northern Zhou tributary,,steppe_nomadic,old_chinese,buddhism,chinese_imperial,yellow_river,535,557,,
xueyantuo,Xueyantuo,,turkic,old_turkic,tengrism,khaganate,mongolian_plateau,628,646,,
second_turkic_khaganate,Second Türkic Khaganate,,turkic,old_turkic,tengrism,khaganate,mongolian_plateau|central_asian_steppe,682,744,,
beja,Beja / Habesha coastal lords,,beja,,,tribal_confederation,nubia,-2000,1500,,
italian_east_africa,Italian East Africa,,italian,italian,roman_catholicism,colonial_administration,nubia,1936,1941,,
punt,Punt (Egyptian trading land,,,,,monarchy,nubia,-2500,-1000,,
western_han,Western Han,,han,old_chinese,confucianism,chinese_imperial,yellow_river|yangtze,-202,9,,
later_jin,Later Jin,,han,old_chinese,buddhism,chinese_imperial,yellow_river,936,947,,
later_han,Later Han,,han,old_chinese,buddhism,chinese_imperial,yellow_river,947,951,,
jin_dynasty,Jin Dynasty,,jurchen,jurchen,buddhism,chinese_imperial,yellow_river|manchuria,1115,1234,,
western_liao,Western Liao,,khitan,,buddhism,chinese_imperial,central_asian_steppe|transoxiana,1124,1218,,
mengjiang,Mengjiang,,mongol,mongolian,,puppet_state,mongolian_plateau,1936,1945,,
donghu,Donghu,,steppe_nomadic,,,tribal_confederation,manchuria|mongolian_plateau,-700,-209,,
shiwei,Shiwei,,steppe_nomadic,,,tribal_confederation,manchuria|mongolian_plateau,388,907,,
jammu_kashmir,Jammu & Kashmir,,indo_aryan,,hinduism,monarchy,punjab,1846,1947,,
kingdom_of_epirus,Kingdom of Epirus,,ancient_greek,ancient_greek,greek_paganism,monarchy,balkans,-470,-167,,
despotate_of_epirus,Despotate of Epirus,,ancient_greek,byzantine_greek,eastern_orthodox,despotate,balkans,1205,1479,,
albanian_kingdom,Albanian Kingdom,,caucasian,albanian,,monarchy,balkans,1928,1939,,
italian_albania,Italian Albania,,italian,italian,roman_catholicism,colonial_administration,balkans,1939,1943,,
denmark_norway,Denmark-Norway,,scandinavian,danish,lutheranism,absolute_monarchy,scandinavia,1524,1814,,
second_polish_republic,Second Polish Republic,,polish,polish,roman_catholicism,democratic_republic,poland,1918,1939,,
illyrians,Illyrians,,ancient_european,,,tribal_confederation,balkans,-1000,-168,,
croatian_principality,Croatian Principality,,croatian,serbo_croatian,roman_catholicism,principality,balkans,641,925,,
independent_state_of_croatia,Independent State of Croatia,,croatian,serbo_croatian,roman_catholicism,puppet_state,balkans,1941,1945,,
histri,Histri,,ancient_european,,,tribal_confederation,balkans|italy,-1000,-177,,
italy,Italy,,italian,italian,roman_catholicism,constitutional_monarchy,italy|balkans,1861,1946,,
germanic_tribes,Germanic tribes,,germanic,,germanic_paganism,tribal_confederation,germany|bohemia,-200,500,,
great_moravia,Great Moravia,,slavic,old_church_slavonic,roman_catholicism,principality,bohemia|hungary,833,907,,
federalization,Federalization,,czech,czech,,communist_state,bohemia,1969,1992,,
belgae,Belgae,,celtic,gaulish,celtic_paganism,tribal_confederation,gaul,-300,-50,,
french_first_empire,French First Empire,,french,french,roman_catholicism,imperial_monarchy,gaul|germany|italy|iberia,1804,1814,,
vichy_france,Vichy France,,french,french,roman_catholicism,puppet_state,gaul|north_africa,1940,1944,,
german_confederation,German Confederation (Deutscher Bund,,german,german,roman_catholicism,confederation,germany|bohemia,1815,1866,,
free_dacians,Free Dacians / Carpi,,ancient_european,,,tribal_confederation,hungary|balkans,106,381,,
hungarian_grand_principality,Hungarian Grand Principality,,magyar,hungarian,tengrism,grand_principality,hungary,895,1000,,
principality_of_transylvania,Principality of Transylvania,,magyar,hungarian,roman_catholicism,principality,hungary,1570,1711,,
celts,Celts,,celtic,,celtic_paganism,tribal_confederation,iberia|gaul,-600,-200,,
crown_of_aragon,Crown of Aragon,,catalan,catalan,roman_catholicism,feudal_monarchy,iberia|italy,1164,1716,,
austrian_empire,Austrian Empire,,german,german,roman_catholicism,imperial_monarchy,italy|hungary|bohemia|balkans,1804,1867,,
pechenegs,Pechenegs,,turkic,,tengrism,tribal_confederation,pontic_steppe|balkans,860,1091,,
scythian,Scythian / Sarmatian steppe fringe,,scythian,,scythian_religion,tribal_confederation,pontic_steppe|iran_plateau,-700,-200,,
middle_assyrian_empire,Middle Assyrian Empire,,assyrian,akkadian,mesopotamian_religion,imperial_monarchy,mesopotamia|anatolia|levant,-1392,-1056,,
mongol_il_khanate,Mongol Il-Khanate,,mongol,persian,sunni,khanate,iran_plateau|mesopotamia|anatolia|caucasus,1256,1335,,
ziyadid_dynasty,Ziyadid Dynasty,,arab,arabic,sunni,emirate,arabia,819,1018,,
sulayhid_dynasty,Sulayhid Dynasty,,arab,arabic,ismaili_shia,monarchy,arabia,1047,1138,,
republic_of_yemen,Republic of Yemen,,arab,arabic,sunni,democratic_republic,arabia,1990,,,
karabakh_khanate,Karabakh Khanate,,azerbaijani,azerbaijani,shia,khanate,caucasus,1747,1822,,
cimmerian_scythian_nomads,Cimmerian / Scythian nomads,,scythian,,scythian_religion,tribal_confederation,caucasus|pontic_steppe,-800,-300,,
sajid_dynasty,Sajid dynasty,,arab,arabic,sunni,emirate,caucasus|iran_plateau,889,929,,
muhammad_ali_dynasty,Muhammad Ali dynasty,,arab,arabic,sunni,monarchy,egypt|nubia,1805,1953,,
united_arab_republic,United Arab Republic,,arab,arabic,sunni,democratic_republic,egypt|levant,1958,1961,,
gutian_dynasty,Gutian dynasty,,,,,monarchy,mesopotamia|iran_plateau,-2141,-2050,,
hamdanid_emirate,Hamdanid Emirate,,arab,arabic,shia,emirate,mesopotamia|levant,890,1004,,
egyptian_new_kingdom,Egyptian New Kingdom,,egyptian,egyptian,egyptian_religion,divine_monarchy,egypt|levant|nubia,-1550,-1069,,
berber,Berber / Mauretania,,berber,berber,,tribal_confederation,north_africa,-3000,-200,,
mauretania_kingdom,Mauretania Kingdom,,berber,berber,,monarchy,north_africa,-285,40,,
muhallabid_governors,Muhallabid governors,,arab,arabic,sunni,emirate,north_africa,771,793,,
british_military_administration,British Military Administration,,english,english,,colonial_administration,north_africa,1943,1951,,
kanem_empire,Kanem Empire / Daju,,dinka,,sunni,monarchy,nubia,700,1380,,
majapahit_empire,Majapahit Empire,,javanese,javanese,hinduism,divine_monarchy,,1293,1527,,
brunei_sultanate,Brunei Sultanate,,malay_indonesian,malay,sunni,sultanate,,1368,,,
sulu_sultanate,Sulu Sultanate,,malay_indonesian,malay,sunni,sultanate,,1405,1915,,
funan,Funan (Óc Eo,,khmer,,hinduism,divine_monarchy,,50,550,,
khmer_empire,Khmer Empire,,khmer,khmer,hinduism,divine_monarchy,,802,1431,,
